year,month,Complaint Type,Borough,count
2010,1,Basket,BRONX,22
2010,1,Basket,BROOKLYN,85
2010,1,Basket,MANHATTAN,51
2010,1,Basket,QUEENS,57
2010,1,Basket,STATEN ISLAND,17
2010,1,Collection,BRONX,228
2010,1,Collection,BROOKLYN,609
2010,1,Collection,MANHATTAN,182
2010,1,Collection,QUEENS,712
2010,1,Collection,STATEN ISLAND,374
2010,1,Sweeping,BRONX,6
2010,1,Sweeping,BROOKLYN,29
2010,1,Sweeping,MANHATTAN,10
2010,1,Sweeping,QUEENS,13
2010,1,Sweeping,STATEN ISLAND,1
2010,2,Basket,BRONX,21
2010,2,Basket,BROOKLYN,78
2010,2,Basket,MANHATTAN,23
2010,2,Basket,QUEENS,52
2010,2,Basket,STATEN ISLAND,14
2010,2,Collection,BRONX,120
2010,2,Collection,BROOKLYN,480
2010,2,Collection,MANHATTAN,111
2010,2,Collection,QUEENS,597
2010,2,Collection,STATEN ISLAND,207
2010,2,Sweeping,BRONX,7
2010,2,Sweeping,BROOKLYN,50
2010,2,Sweeping,MANHATTAN,21
2010,2,Sweeping,QUEENS,22
2010,2,Sweeping,STATEN ISLAND,2
2010,3,Basket,BRONX,37
2010,3,Basket,BROOKLYN,133
2010,3,Basket,MANHATTAN,76
2010,3,Basket,QUEENS,106
2010,3,Basket,STATEN ISLAND,26
2010,3,Collection,BRONX,144
2010,3,Collection,BROOKLYN,531
2010,3,Collection,MANHATTAN,97
2010,3,Collection,QUEENS,511
2010,3,Collection,STATEN ISLAND,289
2010,3,Sweeping,BRONX,9
2010,3,Sweeping,BROOKLYN,51
2010,3,Sweeping,MANHATTAN,5
2010,3,Sweeping,QUEENS,23
2010,3,Sweeping,STATEN ISLAND,2
2010,4,Basket,BRONX,34
2010,4,Basket,BROOKLYN,108
2010,4,Basket,MANHATTAN,79
2010,4,Basket,QUEENS,99
2010,4,Basket,STATEN ISLAND,43
2010,4,Collection,BRONX,120
2010,4,Collection,BROOKLYN,367
2010,4,Collection,MANHATTAN,87
2010,4,Collection,QUEENS,403
2010,4,Collection,STATEN ISLAND,226
2010,4,Sweeping,BRONX,6
2010,4,Sweeping,BROOKLYN,40
2010,4,Sweeping,MANHATTAN,14
2010,4,Sweeping,QUEENS,18
2010,4,Sweeping,STATEN ISLAND,2
2010,5,Basket,BRONX,35
2010,5,Basket,BROOKLYN,126
2010,5,Basket,MANHATTAN,94
2010,5,Basket,QUEENS,77
2010,5,Basket,STATEN ISLAND,23
2010,5,Collection,BRONX,109
2010,5,Collection,BROOKLYN,378
2010,5,Collection,MANHATTAN,83
2010,5,Collection,QUEENS,424
2010,5,Collection,STATEN ISLAND,215
2010,5,Sweeping,BRONX,5
2010,5,Sweeping,BROOKLYN,35
2010,5,Sweeping,MANHATTAN,12
2010,5,Sweeping,QUEENS,20
2010,6,Basket,BRONX,64
2010,6,Basket,BROOKLYN,168
2010,6,Basket,MANHATTAN,92
2010,6,Basket,QUEENS,151
2010,6,Basket,STATEN ISLAND,33
2010,6,Collection,BRONX,133
2010,6,Collection,BROOKLYN,403
2010,6,Collection,MANHATTAN,104
2010,6,Collection,QUEENS,432
2010,6,Collection,STATEN ISLAND,255
2010,6,Sweeping,BRONX,5
2010,6,Sweeping,BROOKLYN,47
2010,6,Sweeping,MANHATTAN,10
2010,6,Sweeping,QUEENS,19
2010,6,Sweeping,STATEN ISLAND,1
2010,7,Basket,BRONX,36
2010,7,Basket,BROOKLYN,141
2010,7,Basket,MANHATTAN,58
2010,7,Basket,QUEENS,96
2010,7,Basket,STATEN ISLAND,41
2010,7,Basket,Unspecified,1
2010,7,Collection,BRONX,106
2010,7,Collection,BROOKLYN,366
2010,7,Collection,MANHATTAN,113
2010,7,Collection,QUEENS,451
2010,7,Collection,STATEN ISLAND,200
2010,7,Sweeping,BRONX,7
2010,7,Sweeping,BROOKLYN,85
2010,7,Sweeping,MANHATTAN,7
2010,7,Sweeping,QUEENS,26
2010,7,Sweeping,STATEN ISLAND,3
2010,8,Basket,BRONX,48
2010,8,Basket,BROOKLYN,147
2010,8,Basket,MANHATTAN,71
2010,8,Basket,QUEENS,109
2010,8,Basket,STATEN ISLAND,32
2010,8,Collection,BRONX,84
2010,8,Collection,BROOKLYN,339
2010,8,Collection,MANHATTAN,116
2010,8,Collection,QUEENS,389
2010,8,Collection,STATEN ISLAND,198
2010,8,Sweeping,BRONX,5
2010,8,Sweeping,BROOKLYN,57
2010,8,Sweeping,MANHATTAN,11
2010,8,Sweeping,QUEENS,28
2010,8,Sweeping,STATEN ISLAND,2
2010,9,Basket,BRONX,30
2010,9,Basket,BROOKLYN,123
2010,9,Basket,MANHATTAN,70
2010,9,Basket,QUEENS,101
2010,9,Basket,STATEN ISLAND,34
2010,9,Collection,BRONX,114
2010,9,Collection,BROOKLYN,383
2010,9,Collection,MANHATTAN,125
2010,9,Collection,QUEENS,438
2010,9,Collection,STATEN ISLAND,209
2010,9,Sweeping,BRONX,8
2010,9,Sweeping,BROOKLYN,36
2010,9,Sweeping,MANHATTAN,6
2010,9,Sweeping,QUEENS,10
2010,9,Sweeping,STATEN ISLAND,1
2010,10,Basket,BRONX,38
2010,10,Basket,BROOKLYN,123
2010,10,Basket,MANHATTAN,60
2010,10,Basket,QUEENS,93
2010,10,Basket,STATEN ISLAND,24
2010,10,Collection,BRONX,74
2010,10,Collection,BROOKLYN,364
2010,10,Collection,MANHATTAN,110
2010,10,Collection,QUEENS,494
2010,10,Collection,STATEN ISLAND,218
2010,10,Sweeping,BRONX,6
2010,10,Sweeping,BROOKLYN,62
2010,10,Sweeping,MANHATTAN,15
2010,10,Sweeping,QUEENS,43
2010,10,Sweeping,STATEN ISLAND,1
2010,11,Basket,BRONX,33
2010,11,Basket,BROOKLYN,61
2010,11,Basket,MANHATTAN,43
2010,11,Basket,QUEENS,58
2010,11,Basket,STATEN ISLAND,13
2010,11,Collection,BRONX,99
2010,11,Collection,BROOKLYN,381
2010,11,Collection,MANHATTAN,121
2010,11,Collection,QUEENS,472
2010,11,Collection,STATEN ISLAND,264
2010,11,Sweeping,BRONX,9
2010,11,Sweeping,BROOKLYN,113
2010,11,Sweeping,MANHATTAN,17
2010,11,Sweeping,QUEENS,42
2010,11,Sweeping,STATEN ISLAND,1
2010,12,Basket,BRONX,16
2010,12,Basket,BROOKLYN,54
2010,12,Basket,MANHATTAN,36
2010,12,Basket,QUEENS,26
2010,12,Basket,STATEN ISLAND,7
2010,12,Collection,BRONX,85
2010,12,Collection,BROOKLYN,328
2010,12,Collection,MANHATTAN,93
2010,12,Collection,QUEENS,436
2010,12,Collection,STATEN ISLAND,275
2010,12,Sweeping,BRONX,3
2010,12,Sweeping,BROOKLYN,34
2010,12,Sweeping,MANHATTAN,8
2010,12,Sweeping,QUEENS,24
2011,1,Basket,BRONX,8
2011,1,Basket,BROOKLYN,28
2011,1,Basket,MANHATTAN,36
2011,1,Basket,QUEENS,46
2011,1,Basket,STATEN ISLAND,10
2011,1,Collection,BRONX,16
2011,1,Collection,BROOKLYN,66
2011,1,Collection,MANHATTAN,21
2011,1,Collection,QUEENS,81
2011,1,Collection,STATEN ISLAND,58
2011,1,Sweeping,BRONX,1
2011,1,Sweeping,BROOKLYN,10
2011,1,Sweeping,MANHATTAN,5
2011,1,Sweeping,QUEENS,3
2011,2,Basket,BRONX,42
2011,2,Basket,BROOKLYN,71
2011,2,Basket,MANHATTAN,55
2011,2,Basket,QUEENS,73
2011,2,Basket,STATEN ISLAND,25
2011,2,Collection,BRONX,233
2011,2,Collection,BROOKLYN,636
2011,2,Collection,MANHATTAN,199
2011,2,Collection,QUEENS,876
2011,2,Collection,STATEN ISLAND,398
2011,2,Sweeping,BRONX,3
2011,2,Sweeping,BROOKLYN,21
2011,2,Sweeping,MANHATTAN,10
2011,2,Sweeping,QUEENS,7
2011,3,Basket,BRONX,47
2011,3,Basket,BROOKLYN,71
2011,3,Basket,MANHATTAN,47
2011,3,Basket,QUEENS,47
2011,3,Basket,STATEN ISLAND,31
2011,3,Basket,Unspecified,1
2011,3,Collection,BRONX,196
2011,3,Collection,BROOKLYN,539
2011,3,Collection,MANHATTAN,162
2011,3,Collection,QUEENS,659
2011,3,Collection,STATEN ISLAND,352
2011,3,Sweeping,BRONX,9
2011,3,Sweeping,BROOKLYN,82
2011,3,Sweeping,MANHATTAN,35
2011,3,Sweeping,QUEENS,43
2011,3,Sweeping,STATEN ISLAND,6
2011,3,Sweeping,Unspecified,1
2011,4,Basket,BRONX,32
2011,4,Basket,BROOKLYN,105
2011,4,Basket,MANHATTAN,63
2011,4,Basket,QUEENS,68
2011,4,Basket,STATEN ISLAND,17
2011,4,Collection,BRONX,125
2011,4,Collection,BROOKLYN,456
2011,4,Collection,MANHATTAN,143
2011,4,Collection,QUEENS,518
2011,4,Collection,STATEN ISLAND,293
2011,4,Sweeping,BRONX,5
2011,4,Sweeping,BROOKLYN,38
2011,4,Sweeping,MANHATTAN,7
2011,4,Sweeping,QUEENS,14
2011,4,Sweeping,STATEN ISLAND,3
2011,5,Basket,BRONX,39
2011,5,Basket,BROOKLYN,159
2011,5,Basket,MANHATTAN,110
2011,5,Basket,QUEENS,106
2011,5,Basket,STATEN ISLAND,38
2011,5,Collection,BRONX,104
2011,5,Collection,BROOKLYN,443
2011,5,Collection,MANHATTAN,142
2011,5,Collection,QUEENS,488
2011,5,Collection,STATEN ISLAND,307
2011,5,Sweeping,BRONX,3
2011,5,Sweeping,BROOKLYN,37
2011,5,Sweeping,MANHATTAN,10
2011,5,Sweeping,QUEENS,29
2011,5,Sweeping,STATEN ISLAND,2
2011,6,Basket,BRONX,54
2011,6,Basket,BROOKLYN,197
2011,6,Basket,MANHATTAN,127
2011,6,Basket,QUEENS,133
2011,6,Basket,STATEN ISLAND,30
2011,6,Basket,Unspecified,2
2011,6,Collection,BRONX,174
2011,6,Collection,BROOKLYN,605
2011,6,Collection,MANHATTAN,132
2011,6,Collection,QUEENS,621
2011,6,Collection,STATEN ISLAND,319
2011,6,Sweeping,BRONX,3
2011,6,Sweeping,BROOKLYN,69
2011,6,Sweeping,MANHATTAN,7
2011,6,Sweeping,QUEENS,29
2011,6,Sweeping,STATEN ISLAND,1
2011,7,Basket,BRONX,54
2011,7,Basket,BROOKLYN,172
2011,7,Basket,MANHATTAN,81
2011,7,Basket,QUEENS,124
2011,7,Basket,STATEN ISLAND,23
2011,7,Collection,BRONX,174
2011,7,Collection,BROOKLYN,464
2011,7,Collection,MANHATTAN,112
2011,7,Collection,QUEENS,631
2011,7,Collection,STATEN ISLAND,281
2011,7,Sweeping,BRONX,8
2011,7,Sweeping,BROOKLYN,69
2011,7,Sweeping,MANHATTAN,9
2011,7,Sweeping,QUEENS,34
2011,7,Sweeping,STATEN ISLAND,1
2011,7,Sweeping,Unspecified,1
2011,8,Basket,BRONX,31
2011,8,Basket,BROOKLYN,135
2011,8,Basket,MANHATTAN,91
2011,8,Basket,QUEENS,109
2011,8,Basket,STATEN ISLAND,35
2011,8,Collection,BRONX,122
2011,8,Collection,BROOKLYN,424
2011,8,Collection,MANHATTAN,121
2011,8,Collection,QUEENS,483
2011,8,Collection,STATEN ISLAND,248
2011,8,Sweeping,BRONX,4
2011,8,Sweeping,BROOKLYN,50
2011,8,Sweeping,MANHATTAN,4
2011,8,Sweeping,QUEENS,33
2011,8,Sweeping,Unspecified,1
2011,9,Basket,BRONX,41
2011,9,Basket,BROOKLYN,185
2011,9,Basket,MANHATTAN,116
2011,9,Basket,QUEENS,178
2011,9,Basket,STATEN ISLAND,49
2011,9,Collection,BRONX,96
2011,9,Collection,BROOKLYN,490
2011,9,Collection,MANHATTAN,133
2011,9,Collection,QUEENS,515
2011,9,Collection,STATEN ISLAND,271
2011,9,Collection,Unspecified,1
2011,9,Sweeping,BRONX,6
2011,9,Sweeping,BROOKLYN,69
2011,9,Sweeping,MANHATTAN,6
2011,9,Sweeping,QUEENS,64
2011,9,Sweeping,STATEN ISLAND,1
2011,9,Sweeping,Unspecified,1
2011,10,Basket,BRONX,38
2011,10,Basket,BROOKLYN,121
2011,10,Basket,MANHATTAN,97
2011,10,Basket,QUEENS,126
2011,10,Basket,STATEN ISLAND,20
2011,10,Basket,Unspecified,1
2011,10,Collection,BRONX,132
2011,10,Collection,BROOKLYN,499
2011,10,Collection,MANHATTAN,139
2011,10,Collection,QUEENS,491
2011,10,Collection,STATEN ISLAND,287
2011,10,Sweeping,BRONX,8
2011,10,Sweeping,BROOKLYN,89
2011,10,Sweeping,MANHATTAN,8
2011,10,Sweeping,QUEENS,39
2011,10,Sweeping,STATEN ISLAND,2
2011,11,Basket,BRONX,30
2011,11,Basket,BROOKLYN,89
2011,11,Basket,MANHATTAN,71
2011,11,Basket,QUEENS,58
2011,11,Basket,STATEN ISLAND,23
2011,11,Collection,BRONX,198
2011,11,Collection,BROOKLYN,436
2011,11,Collection,MANHATTAN,162
2011,11,Collection,QUEENS,549
2011,11,Collection,STATEN ISLAND,390
2011,11,Sweeping,BRONX,37
2011,11,Sweeping,BROOKLYN,286
2011,11,Sweeping,MANHATTAN,30
2011,11,Sweeping,QUEENS,133
2011,12,Basket,BRONX,21
2011,12,Basket,BROOKLYN,70
2011,12,Basket,MANHATTAN,50
2011,12,Basket,QUEENS,48
2011,12,Basket,STATEN ISLAND,13
2011,12,Collection,BRONX,169
2011,12,Collection,BROOKLYN,510
2011,12,Collection,MANHATTAN,134
2011,12,Collection,QUEENS,559
2011,12,Collection,STATEN ISLAND,415
2011,12,Sweeping,BRONX,13
2011,12,Sweeping,BROOKLYN,121
2011,12,Sweeping,MANHATTAN,21
2011,12,Sweeping,QUEENS,48
2012,1,Basket,BRONX,18
2012,1,Basket,BROOKLYN,45
2012,1,Basket,MANHATTAN,62
2012,1,Basket,QUEENS,57
2012,1,Basket,STATEN ISLAND,15
2012,1,Collection,BRONX,142
2012,1,Collection,BROOKLYN,429
2012,1,Collection,MANHATTAN,157
2012,1,Collection,QUEENS,608
2012,1,Collection,STATEN ISLAND,373
2012,1,Sweeping,BRONX,3
2012,1,Sweeping,BROOKLYN,30
2012,1,Sweeping,MANHATTAN,10
2012,1,Sweeping,QUEENS,17
2012,2,Basket,BRONX,25
2012,2,Basket,BROOKLYN,65
2012,2,Basket,MANHATTAN,54
2012,2,Basket,QUEENS,50
2012,2,Basket,STATEN ISLAND,25
2012,2,Collection,BRONX,116
2012,2,Collection,BROOKLYN,347
2012,2,Collection,MANHATTAN,137
2012,2,Collection,QUEENS,435
2012,2,Collection,STATEN ISLAND,295
2012,2,Sweeping,BRONX,7
2012,2,Sweeping,BROOKLYN,25
2012,2,Sweeping,MANHATTAN,3
2012,2,Sweeping,QUEENS,19
2012,3,Basket,BRONX,15
2012,3,Basket,BROOKLYN,66
2012,3,Basket,MANHATTAN,83
2012,3,Basket,QUEENS,29
2012,3,Basket,STATEN ISLAND,19
2012,3,Collection,BRONX,99
2012,3,Collection,BROOKLYN,314
2012,3,Collection,MANHATTAN,107
2012,3,Collection,QUEENS,462
2012,3,Collection,STATEN ISLAND,338
2012,3,Sweeping,BRONX,2
2012,3,Sweeping,BROOKLYN,36
2012,3,Sweeping,MANHATTAN,6
2012,3,Sweeping,QUEENS,14
2012,4,Basket,BRONX,24
2012,4,Basket,BROOKLYN,97
2012,4,Basket,MANHATTAN,46
2012,4,Basket,QUEENS,44
2012,4,Basket,STATEN ISLAND,21
2012,4,Collection,BRONX,85
2012,4,Collection,BROOKLYN,322
2012,4,Collection,MANHATTAN,89
2012,4,Collection,QUEENS,399
2012,4,Collection,STATEN ISLAND,275
2012,4,Sweeping,BRONX,4
2012,4,Sweeping,BROOKLYN,34
2012,4,Sweeping,MANHATTAN,10
2012,4,Sweeping,QUEENS,9
2012,5,Basket,BRONX,30
2012,5,Basket,BROOKLYN,108
2012,5,Basket,MANHATTAN,79
2012,5,Basket,QUEENS,73
2012,5,Basket,STATEN ISLAND,30
2012,5,Basket,Unspecified,1
2012,5,Collection,BRONX,79
2012,5,Collection,BROOKLYN,378
2012,5,Collection,MANHATTAN,102
2012,5,Collection,QUEENS,401
2012,5,Collection,STATEN ISLAND,268
2012,5,Sweeping,BRONX,2
2012,5,Sweeping,BROOKLYN,75
2012,5,Sweeping,MANHATTAN,6
2012,5,Sweeping,QUEENS,23
2012,6,Basket,BRONX,37
2012,6,Basket,BROOKLYN,128
2012,6,Basket,MANHATTAN,105
2012,6,Basket,QUEENS,101
2012,6,Basket,STATEN ISLAND,26
2012,6,Collection,BRONX,105
2012,6,Collection,BROOKLYN,428
2012,6,Collection,MANHATTAN,132
2012,6,Collection,QUEENS,536
2012,6,Collection,STATEN ISLAND,330
2012,6,Sweeping,BRONX,9
2012,6,Sweeping,BROOKLYN,68
2012,6,Sweeping,MANHATTAN,18
2012,6,Sweeping,QUEENS,28
2012,6,Sweeping,STATEN ISLAND,2
2012,7,Basket,BRONX,60
2012,7,Basket,BROOKLYN,154
2012,7,Basket,MANHATTAN,96
2012,7,Basket,QUEENS,115
2012,7,Basket,STATEN ISLAND,33
2012,7,Collection,BRONX,87
2012,7,Collection,BROOKLYN,393
2012,7,Collection,MANHATTAN,131
2012,7,Collection,QUEENS,480
2012,7,Collection,STATEN ISLAND,268
2012,7,Sweeping,BRONX,11
2012,7,Sweeping,BROOKLYN,115
2012,7,Sweeping,MANHATTAN,11
2012,7,Sweeping,QUEENS,27
2012,8,Basket,BRONX,72
2012,8,Basket,BROOKLYN,135
2012,8,Basket,MANHATTAN,81
2012,8,Basket,QUEENS,96
2012,8,Basket,STATEN ISLAND,39
2012,8,Collection,BRONX,101
2012,8,Collection,BROOKLYN,401
2012,8,Collection,MANHATTAN,97
2012,8,Collection,QUEENS,489
2012,8,Collection,STATEN ISLAND,320
2012,8,Sweeping,BRONX,11
2012,8,Sweeping,BROOKLYN,56
2012,8,Sweeping,MANHATTAN,9
2012,8,Sweeping,QUEENS,25
2012,8,Sweeping,STATEN ISLAND,1
2012,9,Basket,BRONX,51
2012,9,Basket,BROOKLYN,98
2012,9,Basket,MANHATTAN,85
2012,9,Basket,QUEENS,84
2012,9,Basket,STATEN ISLAND,43
2012,9,Collection,BRONX,74
2012,9,Collection,BROOKLYN,386
2012,9,Collection,MANHATTAN,126
2012,9,Collection,QUEENS,474
2012,9,Collection,STATEN ISLAND,219
2012,9,Sweeping,BRONX,8
2012,9,Sweeping,BROOKLYN,47
2012,9,Sweeping,MANHATTAN,13
2012,9,Sweeping,QUEENS,19
2012,10,Basket,BRONX,46
2012,10,Basket,BROOKLYN,67
2012,10,Basket,MANHATTAN,82
2012,10,Basket,QUEENS,71
2012,10,Basket,STATEN ISLAND,28
2012,10,Collection,BRONX,84
2012,10,Collection,BROOKLYN,354
2012,10,Collection,MANHATTAN,122
2012,10,Collection,QUEENS,394
2012,10,Collection,STATEN ISLAND,205
2012,10,Sweeping,BRONX,5
2012,10,Sweeping,BROOKLYN,75
2012,10,Sweeping,MANHATTAN,15
2012,10,Sweeping,QUEENS,40
2012,10,Sweeping,STATEN ISLAND,1
2012,10,Sweeping,Unspecified,1
2012,11,Basket,BRONX,9
2012,11,Basket,BROOKLYN,45
2012,11,Basket,MANHATTAN,41
2012,11,Basket,QUEENS,27
2012,11,Basket,STATEN ISLAND,12
2012,11,Collection,BRONX,8
2012,11,Collection,BROOKLYN,15
2012,11,Collection,MANHATTAN,11
2012,11,Collection,QUEENS,19
2012,11,Collection,STATEN ISLAND,9
2012,11,Sweeping,BRONX,22
2012,11,Sweeping,BROOKLYN,103
2012,11,Sweeping,MANHATTAN,17
2012,11,Sweeping,QUEENS,30
2012,11,Sweeping,STATEN ISLAND,4
2012,11,Sweeping,Unspecified,1
2012,12,Basket,BRONX,13
2012,12,Basket,BROOKLYN,55
2012,12,Basket,MANHATTAN,35
2012,12,Basket,QUEENS,33
2012,12,Basket,STATEN ISLAND,13
2012,12,Collection,BRONX,1
2012,12,Collection,BROOKLYN,6
2012,12,Collection,MANHATTAN,11
2012,12,Collection,QUEENS,12
2012,12,Collection,STATEN ISLAND,2
2012,12,Sweeping,BRONX,4
2012,12,Sweeping,BROOKLYN,85
2012,12,Sweeping,MANHATTAN,27
2012,12,Sweeping,QUEENS,32
2012,12,Sweeping,STATEN ISLAND,2
2013,1,Basket,BRONX,17
2013,1,Basket,BROOKLYN,78
2013,1,Basket,MANHATTAN,47
2013,1,Basket,QUEENS,54
2013,1,Basket,STATEN ISLAND,30
2013,1,Collection,BRONX,125
2013,1,Collection,BROOKLYN,516
2013,1,Collection,MANHATTAN,144
2013,1,Collection,QUEENS,607
2013,1,Collection,STATEN ISLAND,424
2013,1,Sweeping,BRONX,2
2013,1,Sweeping,BROOKLYN,41
2013,1,Sweeping,MANHATTAN,7
2013,1,Sweeping,QUEENS,12
2013,2,Basket,BRONX,18
2013,2,Basket,BROOKLYN,29
2013,2,Basket,MANHATTAN,40
2013,2,Basket,QUEENS,27
2013,2,Basket,STATEN ISLAND,13
2013,2,Collection,BRONX,76
2013,2,Collection,BROOKLYN,213
2013,2,Collection,MANHATTAN,68
2013,2,Collection,QUEENS,295
2013,2,Collection,STATEN ISLAND,306
2013,2,Sweeping,BRONX,4
2013,2,Sweeping,BROOKLYN,15
2013,2,Sweeping,MANHATTAN,5
2013,2,Sweeping,QUEENS,12
2013,3,Basket,BRONX,18
2013,3,Basket,BROOKLYN,67
2013,3,Basket,MANHATTAN,52
2013,3,Basket,QUEENS,45
2013,3,Basket,STATEN ISLAND,24
2013,3,Collection,BRONX,78
2013,3,Collection,BROOKLYN,439
2013,3,Collection,MANHATTAN,122
2013,3,Collection,QUEENS,503
2013,3,Collection,STATEN ISLAND,409
2013,3,Sweeping,BRONX,2
2013,3,Sweeping,BROOKLYN,35
2013,3,Sweeping,MANHATTAN,7
2013,3,Sweeping,QUEENS,15
2013,3,Sweeping,STATEN ISLAND,1
2013,4,Basket,BRONX,20
2013,4,Basket,BROOKLYN,72
2013,4,Basket,MANHATTAN,68
2013,4,Basket,QUEENS,44
2013,4,Basket,STATEN ISLAND,25
2013,4,Collection,BRONX,73
2013,4,Collection,BROOKLYN,389
2013,4,Collection,MANHATTAN,96
2013,4,Collection,QUEENS,418
2013,4,Collection,STATEN ISLAND,393
2013,4,Sweeping,BRONX,8
2013,4,Sweeping,BROOKLYN,51
2013,4,Sweeping,MANHATTAN,15
2013,4,Sweeping,QUEENS,28
2013,4,Sweeping,STATEN ISLAND,1
2013,5,Basket,BRONX,17
2013,5,Basket,BROOKLYN,119
2013,5,Basket,MANHATTAN,70
2013,5,Basket,QUEENS,77
2013,5,Basket,STATEN ISLAND,36
2013,5,Collection,BRONX,62
2013,5,Collection,BROOKLYN,410
2013,5,Collection,MANHATTAN,110
2013,5,Collection,QUEENS,421
2013,5,Collection,STATEN ISLAND,367
2013,5,Sweeping,BRONX,9
2013,5,Sweeping,BROOKLYN,64
2013,5,Sweeping,MANHATTAN,15
2013,5,Sweeping,QUEENS,20
2013,6,Basket,BRONX,33
2013,6,Basket,BROOKLYN,148
2013,6,Basket,MANHATTAN,87
2013,6,Basket,QUEENS,97
2013,6,Basket,STATEN ISLAND,67
2013,6,Collection,BRONX,87
2013,6,Collection,BROOKLYN,441
2013,6,Collection,MANHATTAN,151
2013,6,Collection,QUEENS,556
2013,6,Collection,STATEN ISLAND,364
2013,6,Sweeping,BRONX,12
2013,6,Sweeping,BROOKLYN,59
2013,6,Sweeping,MANHATTAN,10
2013,6,Sweeping,QUEENS,25
2013,7,Basket,BRONX,36
2013,7,Basket,BROOKLYN,133
2013,7,Basket,MANHATTAN,150
2013,7,Basket,QUEENS,81
2013,7,Basket,STATEN ISLAND,98
2013,7,Collection,BRONX,70
2013,7,Collection,BROOKLYN,382
2013,7,Collection,MANHATTAN,111
2013,7,Collection,QUEENS,516
2013,7,Collection,STATEN ISLAND,333
2013,7,Sweeping,BRONX,11
2013,7,Sweeping,BROOKLYN,101
2013,7,Sweeping,MANHATTAN,28
2013,7,Sweeping,QUEENS,29
2013,7,Sweeping,STATEN ISLAND,1
2013,8,Basket,BRONX,35
2013,8,Basket,BROOKLYN,145
2013,8,Basket,MANHATTAN,96
2013,8,Basket,QUEENS,78
2013,8,Basket,STATEN ISLAND,53
2013,8,Collection,BRONX,62
2013,8,Collection,BROOKLYN,431
2013,8,Collection,MANHATTAN,121
2013,8,Collection,QUEENS,441
2013,8,Collection,STATEN ISLAND,241
2013,8,Sweeping,BRONX,8
2013,8,Sweeping,BROOKLYN,57
2013,8,Sweeping,MANHATTAN,10
2013,8,Sweeping,QUEENS,34
2013,9,Basket,BRONX,29
2013,9,Basket,BROOKLYN,132
2013,9,Basket,MANHATTAN,113
2013,9,Basket,QUEENS,83
2013,9,Basket,STATEN ISLAND,33
2013,9,Basket,Unspecified,1
2013,9,Collection,BRONX,69
2013,9,Collection,BROOKLYN,335
2013,9,Collection,MANHATTAN,113
2013,9,Collection,QUEENS,400
2013,9,Collection,STATEN ISLAND,202
2013,9,Sweeping,BRONX,6
2013,9,Sweeping,BROOKLYN,49
2013,9,Sweeping,MANHATTAN,8
2013,9,Sweeping,QUEENS,19
2013,9,Sweeping,Unspecified,1
2013,10,Basket,BRONX,22
2013,10,Basket,BROOKLYN,130
2013,10,Basket,MANHATTAN,120
2013,10,Basket,QUEENS,86
2013,10,Basket,STATEN ISLAND,30
2013,10,Collection,BRONX,70
2013,10,Collection,BROOKLYN,353
2013,10,Collection,MANHATTAN,136
2013,10,Collection,QUEENS,365
2013,10,Collection,STATEN ISLAND,226
2013,10,Sweeping,BRONX,13
2013,10,Sweeping,BROOKLYN,107
2013,10,Sweeping,MANHATTAN,14
2013,10,Sweeping,QUEENS,62
2013,11,Basket,BRONX,21
2013,11,Basket,BROOKLYN,69
2013,11,Basket,MANHATTAN,52
2013,11,Basket,QUEENS,39
2013,11,Basket,STATEN ISLAND,72
2013,11,Basket,Unspecified,1
2013,11,Collection,BRONX,87
2013,11,Collection,BROOKLYN,333
2013,11,Collection,MANHATTAN,125
2013,11,Collection,QUEENS,450
2013,11,Collection,STATEN ISLAND,277
2013,11,Sweeping,BRONX,10
2013,11,Sweeping,BROOKLYN,112
2013,11,Sweeping,MANHATTAN,28
2013,11,Sweeping,QUEENS,67
2013,12,Basket,BRONX,13
2013,12,Basket,BROOKLYN,76
2013,12,Basket,MANHATTAN,46
2013,12,Basket,QUEENS,25
2013,12,Basket,STATEN ISLAND,15
2013,12,Collection,BRONX,98
2013,12,Collection,BROOKLYN,380
2013,12,Collection,MANHATTAN,155
2013,12,Collection,QUEENS,619
2013,12,Collection,STATEN ISLAND,247
2013,12,Sweeping,BRONX,8
2013,12,Sweeping,BROOKLYN,66
2013,12,Sweeping,MANHATTAN,23
2013,12,Sweeping,QUEENS,24
2014,1,Basket,BRONX,22
2014,1,Basket,BROOKLYN,51
2014,1,Basket,MANHATTAN,73
2014,1,Basket,QUEENS,46
2014,1,Basket,STATEN ISLAND,20
2014,1,Collection,BRONX,335
2014,1,Collection,BROOKLYN,1192
2014,1,Collection,MANHATTAN,256
2014,1,Collection,QUEENS,1022
2014,1,Collection,STATEN ISLAND,1354
2014,1,Sweeping,BRONX,4
2014,1,Sweeping,BROOKLYN,33
2014,1,Sweeping,MANHATTAN,12
2014,1,Sweeping,QUEENS,6
2014,1,Sweeping,STATEN ISLAND,1
2014,2,Basket,BRONX,20
2014,2,Basket,BROOKLYN,90
2014,2,Basket,MANHATTAN,55
2014,2,Basket,QUEENS,39
2014,2,Basket,STATEN ISLAND,20
2014,2,Collection,BRONX,54
2014,2,Collection,BROOKLYN,134
2014,2,Collection,MANHATTAN,39
2014,2,Collection,QUEENS,217
2014,2,Collection,STATEN ISLAND,101
2014,2,Sweeping,BROOKLYN,1
2014,3,Basket,BRONX,22
2014,3,Basket,BROOKLYN,72
2014,3,Basket,MANHATTAN,85
2014,3,Basket,QUEENS,49
2014,3,Basket,STATEN ISLAND,25
2014,3,Collection,BRONX,178
2014,3,Collection,BROOKLYN,461
2014,3,Collection,MANHATTAN,146
2014,3,Collection,QUEENS,626
2014,3,Collection,STATEN ISLAND,316
2014,3,Sweeping,BRONX,17
2014,3,Sweeping,BROOKLYN,137
2014,3,Sweeping,MANHATTAN,36
2014,3,Sweeping,QUEENS,47
2014,4,Basket,BRONX,32
2014,4,Basket,BROOKLYN,104
2014,4,Basket,MANHATTAN,90
2014,4,Basket,QUEENS,50
2014,4,Basket,STATEN ISLAND,25
2014,4,Collection,BRONX,119
2014,4,Collection,BROOKLYN,477
2014,4,Collection,MANHATTAN,159
2014,4,Collection,QUEENS,620
2014,4,Collection,STATEN ISLAND,287
2014,4,Sweeping,BRONX,3
2014,4,Sweeping,BROOKLYN,53
2014,4,Sweeping,MANHATTAN,8
2014,4,Sweeping,QUEENS,24
2014,4,Sweeping,Unspecified,1
2014,5,Basket,BRONX,53
2014,5,Basket,BROOKLYN,120
2014,5,Basket,MANHATTAN,121
2014,5,Basket,QUEENS,75
2014,5,Basket,STATEN ISLAND,28
2014,5,Collection,BRONX,113
2014,5,Collection,BROOKLYN,514
2014,5,Collection,MANHATTAN,176
2014,5,Collection,QUEENS,570
2014,5,Collection,STATEN ISLAND,270
2014,5,Sweeping,BRONX,4
2014,5,Sweeping,BROOKLYN,56
2014,5,Sweeping,MANHATTAN,10
2014,5,Sweeping,QUEENS,28
2014,5,Sweeping,STATEN ISLAND,1
2014,6,Basket,BRONX,51
2014,6,Basket,BROOKLYN,170
2014,6,Basket,MANHATTAN,154
2014,6,Basket,QUEENS,115
2014,6,Basket,STATEN ISLAND,47
2014,6,Basket,Unspecified,2
2014,6,Collection,BRONX,120
2014,6,Collection,BROOKLYN,540
2014,6,Collection,MANHATTAN,149
2014,6,Collection,QUEENS,827
2014,6,Collection,STATEN ISLAND,359
2014,6,Sweeping,BRONX,6
2014,6,Sweeping,BROOKLYN,91
2014,6,Sweeping,MANHATTAN,22
2014,6,Sweeping,QUEENS,29
2014,7,Basket,BRONX,43
2014,7,Basket,BROOKLYN,111
2014,7,Basket,MANHATTAN,108
2014,7,Basket,QUEENS,102
2014,7,Basket,STATEN ISLAND,32
2014,7,Basket,Unspecified,1
2014,7,Collection,BRONX,110
2014,7,Collection,BROOKLYN,584
2014,7,Collection,MANHATTAN,160
2014,7,Collection,QUEENS,698
2014,7,Collection,STATEN ISLAND,278
2014,7,Sweeping,BRONX,9
2014,7,Sweeping,BROOKLYN,101
2014,7,Sweeping,MANHATTAN,15
2014,7,Sweeping,QUEENS,42
2014,7,Sweeping,STATEN ISLAND,2
2014,8,Basket,BRONX,48
2014,8,Basket,BROOKLYN,126
2014,8,Basket,MANHATTAN,102
2014,8,Basket,QUEENS,82
2014,8,Basket,STATEN ISLAND,22
2014,8,Collection,BRONX,87
2014,8,Collection,BROOKLYN,498
2014,8,Collection,MANHATTAN,156
2014,8,Collection,QUEENS,563
2014,8,Collection,STATEN ISLAND,272
2014,8,Sweeping,BRONX,18
2014,8,Sweeping,BROOKLYN,151
2014,8,Sweeping,MANHATTAN,14
2014,8,Sweeping,QUEENS,51
2014,9,Basket,BRONX,31
2014,9,Basket,BROOKLYN,157
2014,9,Basket,MANHATTAN,122
2014,9,Basket,QUEENS,65
2014,9,Basket,STATEN ISLAND,28
2014,9,Basket,Unspecified,2
2014,9,Collection,BRONX,109
2014,9,Collection,BROOKLYN,547
2014,9,Collection,MANHATTAN,183
2014,9,Collection,QUEENS,513
2014,9,Collection,STATEN ISLAND,224
2014,9,Sweeping,BRONX,17
2014,9,Sweeping,BROOKLYN,110
2014,9,Sweeping,MANHATTAN,21
2014,9,Sweeping,QUEENS,45
2014,10,Basket,BRONX,39
2014,10,Basket,BROOKLYN,146
2014,10,Basket,MANHATTAN,69
2014,10,Basket,QUEENS,68
2014,10,Basket,STATEN ISLAND,24
2014,10,Basket,Unspecified,1
2014,10,Collection,BRONX,128
2014,10,Collection,BROOKLYN,599
2014,10,Collection,MANHATTAN,260
2014,10,Collection,QUEENS,534
2014,10,Collection,STATEN ISLAND,248
2014,10,Sweeping,BRONX,17
2014,10,Sweeping,BROOKLYN,129
2014,10,Sweeping,MANHATTAN,26
2014,10,Sweeping,QUEENS,43
2014,11,Basket,BRONX,19
2014,11,Basket,BROOKLYN,79
2014,11,Basket,MANHATTAN,75
2014,11,Basket,QUEENS,39
2014,11,Basket,STATEN ISLAND,22
2014,11,Collection,BRONX,150
2014,11,Collection,BROOKLYN,571
2014,11,Collection,MANHATTAN,289
2014,11,Collection,QUEENS,599
2014,11,Collection,STATEN ISLAND,328
2014,11,Sweeping,BRONX,15
2014,11,Sweeping,BROOKLYN,190
2014,11,Sweeping,MANHATTAN,41
2014,11,Sweeping,QUEENS,64
2014,11,Sweeping,STATEN ISLAND,1
2014,11,Sweeping,Unspecified,1
2014,12,Basket,BRONX,14
2014,12,Basket,BROOKLYN,58
2014,12,Basket,MANHATTAN,40
2014,12,Basket,QUEENS,32
2014,12,Basket,STATEN ISLAND,17
2014,12,Collection,BRONX,175
2014,12,Collection,BROOKLYN,503
2014,12,Collection,MANHATTAN,180
2014,12,Collection,QUEENS,666
2014,12,Collection,STATEN ISLAND,471
2014,12,Sweeping,BRONX,8
2014,12,Sweeping,BROOKLYN,117
2014,12,Sweeping,MANHATTAN,16
2014,12,Sweeping,QUEENS,28
2015,1,Basket,BRONX,17
2015,1,Basket,BROOKLYN,56
2015,1,Basket,MANHATTAN,51
2015,1,Basket,QUEENS,27
2015,1,Basket,STATEN ISLAND,7
2015,1,Collection,BRONX,178
2015,1,Collection,BROOKLYN,540
2015,1,Collection,MANHATTAN,195
2015,1,Collection,QUEENS,569
2015,1,Collection,STATEN ISLAND,280
2015,1,Sweeping,BRONX,6
2015,1,Sweeping,BROOKLYN,28
2015,1,Sweeping,MANHATTAN,11
2015,1,Sweeping,QUEENS,11
2015,2,Basket,BRONX,18
2015,2,Basket,BROOKLYN,42
2015,2,Basket,MANHATTAN,48
2015,2,Basket,QUEENS,17
2015,2,Basket,STATEN ISLAND,7
2015,2,Collection,BRONX,91
2015,2,Collection,BROOKLYN,489
2015,2,Collection,MANHATTAN,94
2015,2,Collection,QUEENS,517
2015,2,Collection,STATEN ISLAND,228
2015,3,Basket,BRONX,41
2015,3,Basket,BROOKLYN,76
2015,3,Basket,MANHATTAN,67
2015,3,Basket,QUEENS,56
2015,3,Basket,STATEN ISLAND,19
2015,3,Collection,BRONX,180
2015,3,Collection,BROOKLYN,912
2015,3,Collection,MANHATTAN,171
2015,3,Collection,QUEENS,788
2015,3,Collection,STATEN ISLAND,352
2015,3,Sweeping,BRONX,8
2015,3,Sweeping,BROOKLYN,85
2015,3,Sweeping,MANHATTAN,24
2015,3,Sweeping,QUEENS,40
2015,4,Basket,BRONX,57
2015,4,Basket,BROOKLYN,114
2015,4,Basket,MANHATTAN,99
2015,4,Basket,QUEENS,47
2015,4,Basket,STATEN ISLAND,39
2015,4,Collection,BRONX,148
2015,4,Collection,BROOKLYN,613
2015,4,Collection,MANHATTAN,236
2015,4,Collection,QUEENS,641
2015,4,Collection,STATEN ISLAND,317
2015,4,Sweeping,BRONX,4
2015,4,Sweeping,BROOKLYN,55
2015,4,Sweeping,MANHATTAN,13
2015,4,Sweeping,QUEENS,30
2015,4,Sweeping,STATEN ISLAND,1
2015,5,Basket,BRONX,71
2015,5,Basket,BROOKLYN,138
2015,5,Basket,MANHATTAN,150
2015,5,Basket,QUEENS,84
2015,5,Basket,STATEN ISLAND,44
2015,5,Collection,BRONX,129
2015,5,Collection,BROOKLYN,549
2015,5,Collection,MANHATTAN,222
2015,5,Collection,QUEENS,613
2015,5,Collection,STATEN ISLAND,319
2015,5,Sweeping,BRONX,11
2015,5,Sweeping,BROOKLYN,68
2015,5,Sweeping,MANHATTAN,22
2015,5,Sweeping,QUEENS,42
2015,6,Basket,BRONX,32
2015,6,Basket,BROOKLYN,133
2015,6,Basket,MANHATTAN,121
2015,6,Basket,QUEENS,82
2015,6,Basket,STATEN ISLAND,45
2015,6,Collection,BRONX,125
2015,6,Collection,BROOKLYN,632
2015,6,Collection,MANHATTAN,187
2015,6,Collection,QUEENS,724
2015,6,Collection,STATEN ISLAND,361
2015,6,Sweeping,BRONX,3
2015,6,Sweeping,BROOKLYN,48
2015,6,Sweeping,MANHATTAN,19
2015,6,Sweeping,QUEENS,17
2015,7,Basket,BRONX,64
2015,7,Basket,BROOKLYN,194
2015,7,Basket,MANHATTAN,114
2015,7,Basket,QUEENS,96
2015,7,Basket,STATEN ISLAND,20
2015,7,Collection,BRONX,160
2015,7,Collection,BROOKLYN,663
2015,7,Collection,MANHATTAN,234
2015,7,Collection,QUEENS,770
2015,7,Collection,STATEN ISLAND,366
2015,7,Sweeping,BRONX,6
2015,7,Sweeping,BROOKLYN,77
2015,7,Sweeping,MANHATTAN,19
2015,7,Sweeping,QUEENS,33
2015,8,Basket,BRONX,74
2015,8,Basket,BROOKLYN,162
2015,8,Basket,MANHATTAN,99
2015,8,Basket,QUEENS,90
2015,8,Basket,STATEN ISLAND,25
2015,8,Collection,BRONX,155
2015,8,Collection,BROOKLYN,632
2015,8,Collection,MANHATTAN,203
2015,8,Collection,QUEENS,681
2015,8,Collection,STATEN ISLAND,317
2015,8,Sweeping,BRONX,15
2015,8,Sweeping,BROOKLYN,60
2015,8,Sweeping,MANHATTAN,21
2015,8,Sweeping,QUEENS,11
2015,9,Basket,BRONX,54
2015,9,Basket,BROOKLYN,186
2015,9,Basket,MANHATTAN,129
2015,9,Basket,QUEENS,110
2015,9,Basket,STATEN ISLAND,46
2015,9,Collection,BRONX,161
2015,9,Collection,BROOKLYN,592
2015,9,Collection,MANHATTAN,223
2015,9,Collection,QUEENS,712
2015,9,Collection,STATEN ISLAND,300
2015,9,Sweeping,BRONX,11
2015,9,Sweeping,BROOKLYN,55
2015,9,Sweeping,MANHATTAN,16
2015,9,Sweeping,QUEENS,21
2015,10,Basket,BRONX,40
2015,10,Basket,BROOKLYN,123
2015,10,Basket,MANHATTAN,106
2015,10,Basket,QUEENS,115
2015,10,Basket,STATEN ISLAND,21
2015,10,Collection,BRONX,155
2015,10,Collection,BROOKLYN,727
2015,10,Collection,MANHATTAN,293
2015,10,Collection,QUEENS,708
2015,10,Collection,STATEN ISLAND,343
2015,10,Sweeping,BRONX,13
2015,10,Sweeping,BROOKLYN,127
2015,10,Sweeping,MANHATTAN,20
2015,10,Sweeping,QUEENS,53
2015,11,Basket,BRONX,20
2015,11,Basket,BROOKLYN,108
2015,11,Basket,MANHATTAN,85
2015,11,Basket,QUEENS,68
2015,11,Basket,STATEN ISLAND,13
2015,11,Collection,BRONX,183
2015,11,Collection,BROOKLYN,853
2015,11,Collection,MANHATTAN,295
2015,11,Collection,QUEENS,866
2015,11,Collection,STATEN ISLAND,674
2015,11,Sweeping,BRONX,25
2015,11,Sweeping,BROOKLYN,251
2015,11,Sweeping,MANHATTAN,29
2015,11,Sweeping,QUEENS,95
2015,12,Basket,BRONX,34
2015,12,Basket,BROOKLYN,82
2015,12,Basket,MANHATTAN,90
2015,12,Basket,QUEENS,40
2015,12,Basket,STATEN ISLAND,42
2015,12,Collection,BRONX,180
2015,12,Collection,BROOKLYN,893
2015,12,Collection,MANHATTAN,251
2015,12,Collection,QUEENS,1004
2015,12,Collection,STATEN ISLAND,446
2015,12,Sweeping,BRONX,9
2015,12,Sweeping,BROOKLYN,75
2015,12,Sweeping,MANHATTAN,30
2015,12,Sweeping,QUEENS,36
2016,1,Basket,BRONX,25
2016,1,Basket,BROOKLYN,61
2016,1,Basket,MANHATTAN,47
2016,1,Basket,QUEENS,34
2016,1,Basket,STATEN ISLAND,18
2016,1,Collection,BRONX,184
2016,1,Collection,BROOKLYN,698
2016,1,Collection,MANHATTAN,183
2016,1,Collection,QUEENS,740
2016,1,Collection,STATEN ISLAND,311
2016,1,Sweeping,BRONX,12
2016,1,Sweeping,BROOKLYN,19
2016,1,Sweeping,MANHATTAN,9
2016,1,Sweeping,QUEENS,12
2016,2,Basket,BRONX,16
2016,2,Basket,BROOKLYN,61
2016,2,Basket,MANHATTAN,66
2016,2,Basket,QUEENS,48
2016,2,Basket,STATEN ISLAND,17
2016,2,Collection,BRONX,122
2016,2,Collection,BROOKLYN,394
2016,2,Collection,MANHATTAN,119
2016,2,Collection,QUEENS,630
2016,2,Collection,STATEN ISLAND,231
2016,2,Sweeping,BRONX,2
2016,2,Sweeping,BROOKLYN,20
2016,2,Sweeping,MANHATTAN,11
2016,2,Sweeping,QUEENS,13
2016,2,Sweeping,STATEN ISLAND,1
2016,3,Basket,BRONX,38
2016,3,Basket,BROOKLYN,104
2016,3,Basket,MANHATTAN,103
2016,3,Basket,QUEENS,58
2016,3,Basket,STATEN ISLAND,21
2016,3,Collection,BRONX,148
2016,3,Collection,BROOKLYN,724
2016,3,Collection,MANHATTAN,197
2016,3,Collection,QUEENS,987
2016,3,Collection,STATEN ISLAND,452
2016,3,Sweeping,BRONX,7
2016,3,Sweeping,BROOKLYN,31
2016,3,Sweeping,MANHATTAN,8
2016,3,Sweeping,QUEENS,9
2016,3,Sweeping,STATEN ISLAND,1
2016,4,Basket,BRONX,35
2016,4,Basket,BROOKLYN,106
2016,4,Basket,MANHATTAN,71
2016,4,Basket,QUEENS,42
2016,4,Basket,STATEN ISLAND,26
2016,4,Collection,BRONX,154
2016,4,Collection,BROOKLYN,782
2016,4,Collection,MANHATTAN,206
2016,4,Collection,QUEENS,854
2016,4,Collection,STATEN ISLAND,434
2016,4,Sweeping,BRONX,4
2016,4,Sweeping,BROOKLYN,18
2016,4,Sweeping,MANHATTAN,18
2016,4,Sweeping,QUEENS,12
2016,5,Basket,BRONX,77
2016,5,Basket,BROOKLYN,136
2016,5,Basket,MANHATTAN,99
2016,5,Basket,QUEENS,72
2016,5,Basket,STATEN ISLAND,26
2016,5,Collection,BRONX,126
2016,5,Collection,BROOKLYN,783
2016,5,Collection,MANHATTAN,198
2016,5,Collection,QUEENS,924
2016,5,Collection,STATEN ISLAND,336
2016,5,Sweeping,BRONX,12
2016,5,Sweeping,BROOKLYN,29
2016,5,Sweeping,MANHATTAN,14
2016,5,Sweeping,QUEENS,18
2016,5,Sweeping,STATEN ISLAND,1
2016,6,Basket,BRONX,59
2016,6,Basket,BROOKLYN,166
2016,6,Basket,MANHATTAN,117
2016,6,Basket,QUEENS,103
2016,6,Basket,STATEN ISLAND,40
2016,6,Collection,BRONX,168
2016,6,Collection,BROOKLYN,993
2016,6,Collection,MANHATTAN,277
2016,6,Collection,QUEENS,1010
2016,6,Collection,STATEN ISLAND,469
2016,6,Sweeping,BRONX,11
2016,6,Sweeping,BROOKLYN,35
2016,6,Sweeping,MANHATTAN,13
2016,6,Sweeping,QUEENS,14
2016,7,Basket,BRONX,40
2016,7,Basket,BROOKLYN,138
2016,7,Basket,MANHATTAN,119
2016,7,Basket,QUEENS,97
2016,7,Basket,STATEN ISLAND,30
2016,7,Collection,BRONX,174
2016,7,Collection,BROOKLYN,926
2016,7,Collection,MANHATTAN,243
2016,7,Collection,QUEENS,1145
2016,7,Collection,STATEN ISLAND,544
2016,7,Sweeping,BRONX,10
2016,7,Sweeping,BROOKLYN,33
2016,7,Sweeping,MANHATTAN,14
2016,7,Sweeping,QUEENS,32
2016,7,Sweeping,STATEN ISLAND,1
2016,8,Basket,BRONX,45
2016,8,Basket,BROOKLYN,180
2016,8,Basket,MANHATTAN,103
2016,8,Basket,QUEENS,88
2016,8,Basket,STATEN ISLAND,39
2016,8,Collection,BRONX,170
2016,8,Collection,BROOKLYN,837
2016,8,Collection,MANHATTAN,201
2016,8,Collection,QUEENS,845
2016,8,Collection,STATEN ISLAND,395
2016,8,Sweeping,BRONX,15
2016,8,Sweeping,BROOKLYN,37
2016,8,Sweeping,MANHATTAN,19
2016,8,Sweeping,QUEENS,22
2016,8,Sweeping,STATEN ISLAND,1
2016,9,Basket,BRONX,39
2016,9,Basket,BROOKLYN,152
2016,9,Basket,MANHATTAN,122
2016,9,Basket,QUEENS,105
2016,9,Basket,STATEN ISLAND,43
2016,9,Collection,BRONX,124
2016,9,Collection,BROOKLYN,826
2016,9,Collection,MANHATTAN,243
2016,9,Collection,QUEENS,712
2016,9,Collection,STATEN ISLAND,345
2016,9,Sweeping,BRONX,14
2016,9,Sweeping,BROOKLYN,31
2016,9,Sweeping,MANHATTAN,24
2016,9,Sweeping,QUEENS,22
2016,10,Basket,BRONX,34
2016,10,Basket,BROOKLYN,91
2016,10,Basket,MANHATTAN,84
2016,10,Basket,QUEENS,48
2016,10,Basket,STATEN ISLAND,34
2016,10,Collection,BRONX,123
2016,10,Collection,BROOKLYN,814
2016,10,Collection,MANHATTAN,182
2016,10,Collection,QUEENS,805
2016,10,Collection,STATEN ISLAND,290
2016,10,Sweeping,BRONX,10
2016,10,Sweeping,BROOKLYN,30
2016,10,Sweeping,MANHATTAN,20
2016,10,Sweeping,QUEENS,21
2016,10,Sweeping,STATEN ISLAND,1
2016,11,Basket,BRONX,14
2016,11,Basket,BROOKLYN,107
2016,11,Basket,MANHATTAN,70
2016,11,Basket,QUEENS,40
2016,11,Basket,STATEN ISLAND,27
2016,11,Collection,BRONX,191
2016,11,Collection,BROOKLYN,889
2016,11,Collection,MANHATTAN,202
2016,11,Collection,QUEENS,1089
2016,11,Collection,STATEN ISLAND,506
2016,11,Sweeping,BRONX,17
2016,11,Sweeping,BROOKLYN,53
2016,11,Sweeping,MANHATTAN,13
2016,11,Sweeping,QUEENS,31
2016,12,Basket,BRONX,29
2016,12,Basket,BROOKLYN,73
2016,12,Basket,MANHATTAN,50
2016,12,Basket,QUEENS,39
2016,12,Basket,STATEN ISLAND,13
2016,12,Collection,BRONX,271
2016,12,Collection,BROOKLYN,1029
2016,12,Collection,MANHATTAN,282
2016,12,Collection,QUEENS,1241
2016,12,Collection,STATEN ISLAND,733
2016,12,Sweeping,BRONX,5
2016,12,Sweeping,BROOKLYN,26
2016,12,Sweeping,MANHATTAN,20
2016,12,Sweeping,QUEENS,21
2016,12,Sweeping,STATEN ISLAND,1
2017,1,Basket,BRONX,24
2017,1,Basket,BROOKLYN,86
2017,1,Basket,MANHATTAN,45
2017,1,Basket,QUEENS,86
2017,1,Basket,STATEN ISLAND,12
2017,1,Collection,BRONX,308
2017,1,Collection,BROOKLYN,1174
2017,1,Collection,MANHATTAN,288
2017,1,Collection,QUEENS,1428
2017,1,Collection,STATEN ISLAND,846
2017,1,Sweeping,BRONX,5
2017,1,Sweeping,BROOKLYN,14
2017,1,Sweeping,MANHATTAN,6
2017,1,Sweeping,QUEENS,12
2017,2,Basket,BRONX,18
2017,2,Basket,BROOKLYN,76
2017,2,Basket,MANHATTAN,59
2017,2,Basket,QUEENS,52
2017,2,Basket,STATEN ISLAND,15
2017,2,Collection,BRONX,166
2017,2,Collection,BROOKLYN,705
2017,2,Collection,MANHATTAN,211
2017,2,Collection,QUEENS,837
2017,2,Collection,STATEN ISLAND,322
2017,2,Sweeping,BRONX,7
2017,2,Sweeping,BROOKLYN,22
2017,2,Sweeping,MANHATTAN,9
2017,2,Sweeping,QUEENS,18
2017,3,Basket,BRONX,26
2017,3,Basket,BROOKLYN,71
2017,3,Basket,MANHATTAN,62
2017,3,Basket,QUEENS,49
2017,3,Basket,STATEN ISLAND,19
2017,3,Collection,BRONX,86
2017,3,Collection,BROOKLYN,494
2017,3,Collection,MANHATTAN,125
2017,3,Collection,QUEENS,568
2017,3,Collection,STATEN ISLAND,300
2017,3,Sweeping,BRONX,8
2017,3,Sweeping,BROOKLYN,31
2017,3,Sweeping,MANHATTAN,25
2017,3,Sweeping,QUEENS,15
2017,3,Sweeping,STATEN ISLAND,1
2017,4,Basket,BRONX,33
2017,4,Basket,BROOKLYN,108
2017,4,Basket,MANHATTAN,67
2017,4,Basket,QUEENS,67
2017,4,Basket,STATEN ISLAND,18
2017,4,Collection,BRONX,170
2017,4,Collection,BROOKLYN,1037
2017,4,Collection,MANHATTAN,232
2017,4,Collection,QUEENS,1115
2017,4,Collection,STATEN ISLAND,462
2017,4,Sweeping,BRONX,12
2017,4,Sweeping,BROOKLYN,32
2017,4,Sweeping,MANHATTAN,10
2017,4,Sweeping,QUEENS,14
2017,5,Basket,BRONX,64
2017,5,Basket,BROOKLYN,128
2017,5,Basket,MANHATTAN,101
2017,5,Basket,QUEENS,83
2017,5,Basket,STATEN ISLAND,49
2017,5,Collection,BRONX,131
2017,5,Collection,BROOKLYN,1037
2017,5,Collection,MANHATTAN,209
2017,5,Collection,QUEENS,1114
2017,5,Collection,STATEN ISLAND,360
2017,5,Sweeping,BRONX,11
2017,5,Sweeping,BROOKLYN,34
2017,5,Sweeping,MANHATTAN,9
2017,5,Sweeping,QUEENS,12
2017,6,Basket,BRONX,49
2017,6,Basket,BROOKLYN,131
2017,6,Basket,MANHATTAN,92
2017,6,Basket,QUEENS,88
2017,6,Basket,STATEN ISLAND,35
2017,6,Collection,BRONX,166
2017,6,Collection,BROOKLYN,1339
2017,6,Collection,MANHATTAN,240
2017,6,Collection,QUEENS,1248
2017,6,Collection,STATEN ISLAND,476
2017,6,Sweeping,BRONX,8
2017,6,Sweeping,BROOKLYN,38
2017,6,Sweeping,MANHATTAN,14
2017,6,Sweeping,QUEENS,12
2017,6,Sweeping,STATEN ISLAND,1
2017,7,Basket,BRONX,51
2017,7,Basket,BROOKLYN,142
2017,7,Basket,MANHATTAN,188
2017,7,Basket,QUEENS,91
2017,7,Basket,STATEN ISLAND,20
2017,7,Collection,BRONX,166
2017,7,Collection,BROOKLYN,1563
2017,7,Collection,MANHATTAN,221
2017,7,Collection,QUEENS,1508
2017,7,Collection,STATEN ISLAND,497
2017,7,Sweeping,BRONX,9
2017,7,Sweeping,BROOKLYN,67
2017,7,Sweeping,MANHATTAN,17
2017,7,Sweeping,QUEENS,36
2017,7,Sweeping,STATEN ISLAND,2
2017,8,Basket,BRONX,53
2017,8,Basket,BROOKLYN,134
2017,8,Basket,MANHATTAN,124
2017,8,Basket,QUEENS,79
2017,8,Basket,STATEN ISLAND,23
2017,8,Collection,BRONX,249
2017,8,Collection,BROOKLYN,1325
2017,8,Collection,MANHATTAN,211
2017,8,Collection,QUEENS,1241
2017,8,Collection,STATEN ISLAND,419
2017,8,Sweeping,BRONX,9
2017,8,Sweeping,BROOKLYN,31
2017,8,Sweeping,MANHATTAN,20
2017,8,Sweeping,QUEENS,29
2017,9,Basket,BRONX,66
2017,9,Basket,BROOKLYN,137
2017,9,Basket,MANHATTAN,131
2017,9,Basket,QUEENS,97
2017,9,Basket,STATEN ISLAND,32
2017,9,Collection,BRONX,250
2017,9,Collection,BROOKLYN,1247
2017,9,Collection,MANHATTAN,208
2017,9,Collection,QUEENS,827
2017,9,Collection,STATEN ISLAND,359
2017,9,Sweeping,BRONX,10
2017,9,Sweeping,BROOKLYN,65
2017,9,Sweeping,MANHATTAN,15
2017,9,Sweeping,QUEENS,23
2017,10,Basket,BRONX,45
2017,10,Basket,BROOKLYN,151
2017,10,Basket,MANHATTAN,98
2017,10,Basket,QUEENS,83
2017,10,Basket,STATEN ISLAND,22
2017,10,Collection,BRONX,266
2017,10,Collection,BROOKLYN,1156
2017,10,Collection,MANHATTAN,237
2017,10,Collection,QUEENS,951
2017,10,Collection,STATEN ISLAND,401
2017,10,Sweeping,BRONX,15
2017,10,Sweeping,BROOKLYN,79
2017,10,Sweeping,MANHATTAN,27
2017,10,Sweeping,QUEENS,41
2017,10,Sweeping,STATEN ISLAND,1
2017,11,Basket,BRONX,57
2017,11,Basket,BROOKLYN,122
2017,11,Basket,MANHATTAN,59
2017,11,Basket,QUEENS,63
2017,11,Basket,STATEN ISLAND,16
2017,11,Collection,BRONX,288
2017,11,Collection,BROOKLYN,1152
2017,11,Collection,MANHATTAN,214
2017,11,Collection,QUEENS,1336
2017,11,Collection,STATEN ISLAND,887
2017,11,Sweeping,BRONX,16
2017,11,Sweeping,BROOKLYN,59
2017,11,Sweeping,MANHATTAN,30
2017,11,Sweeping,QUEENS,41
2017,12,Basket,BRONX,45
2017,12,Basket,BROOKLYN,86
2017,12,Basket,MANHATTAN,38
2017,12,Basket,QUEENS,34
2017,12,Basket,STATEN ISLAND,14
2017,12,Collection,BRONX,243
2017,12,Collection,BROOKLYN,1007
2017,12,Collection,MANHATTAN,197
2017,12,Collection,QUEENS,1105
2017,12,Collection,STATEN ISLAND,582
2017,12,Sweeping,BRONX,22
2017,12,Sweeping,BROOKLYN,67
2017,12,Sweeping,MANHATTAN,23
2017,12,Sweeping,QUEENS,25
2018,1,Basket,BRONX,28
2018,1,Basket,BROOKLYN,77
2018,1,Basket,MANHATTAN,35
2018,1,Basket,QUEENS,35
2018,1,Basket,STATEN ISLAND,8
2018,1,Collection,BRONX,161
2018,1,Collection,BROOKLYN,692
2018,1,Collection,MANHATTAN,126
2018,1,Collection,QUEENS,914
2018,1,Collection,STATEN ISLAND,351
2018,1,Sweeping,BRONX,10
2018,1,Sweeping,BROOKLYN,24
2018,1,Sweeping,MANHATTAN,13
2018,1,Sweeping,QUEENS,8
2018,1,Sweeping,STATEN ISLAND,3
2018,2,Basket,BRONX,31
2018,2,Basket,BROOKLYN,122
2018,2,Basket,MANHATTAN,40
2018,2,Basket,QUEENS,54
2018,2,Basket,STATEN ISLAND,13
2018,2,Collection,BRONX,244
2018,2,Collection,BROOKLYN,960
2018,2,Collection,MANHATTAN,195
2018,2,Collection,QUEENS,1001
2018,2,Collection,STATEN ISLAND,490
2018,2,Sweeping,BRONX,5
2018,2,Sweeping,BROOKLYN,36
2018,2,Sweeping,MANHATTAN,9
2018,2,Sweeping,QUEENS,11
2018,3,Basket,BRONX,28
2018,3,Basket,BROOKLYN,131
2018,3,Basket,MANHATTAN,34
2018,3,Basket,QUEENS,65
2018,3,Basket,STATEN ISLAND,22
2018,3,Collection,BRONX,143
2018,3,Collection,BROOKLYN,560
2018,3,Collection,MANHATTAN,107
2018,3,Collection,QUEENS,661
2018,3,Collection,STATEN ISLAND,381
2018,3,Sweeping,BRONX,6
2018,3,Sweeping,BROOKLYN,24
2018,3,Sweeping,MANHATTAN,5
2018,3,Sweeping,QUEENS,15
2018,3,Sweeping,STATEN ISLAND,3
2018,4,Basket,BRONX,67
2018,4,Basket,BROOKLYN,140
2018,4,Basket,MANHATTAN,63
2018,4,Basket,QUEENS,74
2018,4,Basket,STATEN ISLAND,24
2018,4,Collection,BRONX,239
2018,4,Collection,BROOKLYN,1123
2018,4,Collection,MANHATTAN,212
2018,4,Collection,QUEENS,993
2018,4,Collection,STATEN ISLAND,555
2018,4,Sweeping,BRONX,11
2018,4,Sweeping,BROOKLYN,43
2018,4,Sweeping,MANHATTAN,8
2018,4,Sweeping,QUEENS,14
2018,5,Basket,BRONX,73
2018,5,Basket,BROOKLYN,136
2018,5,Basket,MANHATTAN,94
2018,5,Basket,QUEENS,94
2018,5,Basket,STATEN ISLAND,44
2018,5,Collection,BRONX,249
2018,5,Collection,BROOKLYN,1214
2018,5,Collection,MANHATTAN,212
2018,5,Collection,QUEENS,1082
2018,5,Collection,STATEN ISLAND,475
2018,5,Sweeping,BRONX,9
2018,5,Sweeping,BROOKLYN,32
2018,5,Sweeping,MANHATTAN,9
2018,5,Sweeping,QUEENS,21
2018,6,Basket,BRONX,47
2018,6,Basket,BROOKLYN,152
2018,6,Basket,MANHATTAN,110
2018,6,Basket,QUEENS,76
2018,6,Basket,STATEN ISLAND,17
2018,6,Collection,BRONX,293
2018,6,Collection,BROOKLYN,1325
2018,6,Collection,MANHATTAN,215
2018,6,Collection,QUEENS,1377
2018,6,Collection,STATEN ISLAND,624
2018,6,Sweeping,BRONX,11
2018,6,Sweeping,BROOKLYN,50
2018,6,Sweeping,MANHATTAN,17
2018,6,Sweeping,QUEENS,25
2018,6,Sweeping,STATEN ISLAND,3
2018,7,Basket,BRONX,77
2018,7,Basket,BROOKLYN,165
2018,7,Basket,MANHATTAN,128
2018,7,Basket,QUEENS,124
2018,7,Basket,STATEN ISLAND,29
2018,7,Collection,BRONX,240
2018,7,Collection,BROOKLYN,1324
2018,7,Collection,MANHATTAN,250
2018,7,Collection,QUEENS,1358
2018,7,Collection,STATEN ISLAND,582
2018,7,Sweeping,BRONX,23
2018,7,Sweeping,BROOKLYN,59
2018,7,Sweeping,MANHATTAN,19
2018,7,Sweeping,QUEENS,27
2018,7,Sweeping,STATEN ISLAND,1
2018,8,Basket,BRONX,52
2018,8,Basket,BROOKLYN,180
2018,8,Basket,MANHATTAN,104
2018,8,Basket,QUEENS,93
2018,8,Basket,STATEN ISLAND,28
2018,8,Collection,BRONX,325
2018,8,Collection,BROOKLYN,1334
2018,8,Collection,MANHATTAN,266
2018,8,Collection,QUEENS,1235
2018,8,Collection,STATEN ISLAND,582
2018,8,Sweeping,BRONX,16
2018,8,Sweeping,BROOKLYN,52
2018,8,Sweeping,MANHATTAN,11
2018,8,Sweeping,QUEENS,26
2018,8,Sweeping,STATEN ISLAND,1
2018,9,Basket,BRONX,38
2018,9,Basket,BROOKLYN,179
2018,9,Basket,MANHATTAN,72
2018,9,Basket,QUEENS,78
2018,9,Basket,STATEN ISLAND,32
2018,9,Collection,BRONX,271
2018,9,Collection,BROOKLYN,1392
2018,9,Collection,MANHATTAN,302
2018,9,Collection,QUEENS,1198
2018,9,Collection,STATEN ISLAND,537
2018,9,Sweeping,BRONX,22
2018,9,Sweeping,BROOKLYN,75
2018,9,Sweeping,MANHATTAN,15
2018,9,Sweeping,QUEENS,20
2018,10,Basket,BRONX,40
2018,10,Basket,BROOKLYN,135
2018,10,Basket,MANHATTAN,90
2018,10,Basket,QUEENS,87
2018,10,Basket,STATEN ISLAND,26
2018,10,Collection,BRONX,240
2018,10,Collection,BROOKLYN,1415
2018,10,Collection,MANHATTAN,304
2018,10,Collection,QUEENS,1160
2018,10,Collection,STATEN ISLAND,525
2018,10,Sweeping,BRONX,28
2018,10,Sweeping,BROOKLYN,76
2018,10,Sweeping,MANHATTAN,17
2018,10,Sweeping,QUEENS,62
2018,11,Basket,BRONX,22
2018,11,Basket,BROOKLYN,96
2018,11,Basket,MANHATTAN,55
2018,11,Basket,QUEENS,56
2018,11,Basket,STATEN ISLAND,19
2018,11,Collection,BRONX,342
2018,11,Collection,BROOKLYN,1471
2018,11,Collection,MANHATTAN,242
2018,11,Collection,QUEENS,1356
2018,11,Collection,STATEN ISLAND,954
2018,11,Sweeping,BRONX,31
2018,11,Sweeping,BROOKLYN,144
2018,11,Sweeping,MANHATTAN,27
2018,11,Sweeping,QUEENS,78
2018,11,Sweeping,STATEN ISLAND,1
2018,12,Basket,BRONX,33
2018,12,Basket,BROOKLYN,86
2018,12,Basket,MANHATTAN,27
2018,12,Basket,QUEENS,47
2018,12,Basket,STATEN ISLAND,20
2018,12,Collection,BRONX,334
2018,12,Collection,BROOKLYN,1365
2018,12,Collection,MANHATTAN,272
2018,12,Collection,QUEENS,1399
2018,12,Collection,STATEN ISLAND,829
2018,12,Sweeping,BRONX,13
2018,12,Sweeping,BROOKLYN,73
2018,12,Sweeping,MANHATTAN,25
2018,12,Sweeping,QUEENS,28
2018,12,Sweeping,STATEN ISLAND,1
2019,1,Basket,BRONX,24
2019,1,Basket,BROOKLYN,102
2019,1,Basket,MANHATTAN,38
2019,1,Basket,QUEENS,47
2019,1,Basket,STATEN ISLAND,20
2019,1,Collection,BRONX,327
2019,1,Collection,BROOKLYN,1453
2019,1,Collection,MANHATTAN,332
2019,1,Collection,QUEENS,1279
2019,1,Collection,STATEN ISLAND,774
2019,1,Sweeping,BRONX,11
2019,1,Sweeping,BROOKLYN,46
2019,1,Sweeping,MANHATTAN,11
2019,1,Sweeping,QUEENS,14
2019,1,Sweeping,STATEN ISLAND,1
2019,2,Basket,BRONX,30
2019,2,Basket,BROOKLYN,101
2019,2,Basket,MANHATTAN,36
2019,2,Basket,QUEENS,54
2019,2,Basket,STATEN ISLAND,16
2019,2,Collection,BRONX,198
2019,2,Collection,BROOKLYN,995
2019,2,Collection,MANHATTAN,194
2019,2,Collection,QUEENS,804
2019,2,Collection,STATEN ISLAND,559
2019,2,Sweeping,BRONX,8
2019,2,Sweeping,BROOKLYN,18
2019,2,Sweeping,MANHATTAN,6
2019,2,Sweeping,QUEENS,3
2019,2,Sweeping,STATEN ISLAND,1
2019,3,Basket,BRONX,31
2019,3,Basket,BROOKLYN,98
2019,3,Basket,MANHATTAN,41
2019,3,Basket,QUEENS,57
2019,3,Basket,STATEN ISLAND,25
2019,3,Collection,BRONX,234
2019,3,Collection,BROOKLYN,991
2019,3,Collection,MANHATTAN,219
2019,3,Collection,QUEENS,790
2019,3,Collection,STATEN ISLAND,604
2019,3,Sweeping,BRONX,18
2019,3,Sweeping,BROOKLYN,22
2019,3,Sweeping,MANHATTAN,10
2019,3,Sweeping,QUEENS,15
2019,3,Sweeping,STATEN ISLAND,1
2019,4,Basket,BRONX,64
2019,4,Basket,BROOKLYN,121
2019,4,Basket,MANHATTAN,64
2019,4,Basket,QUEENS,56
2019,4,Basket,STATEN ISLAND,18
2019,4,Collection,BRONX,245
2019,4,Collection,BROOKLYN,1254
2019,4,Collection,MANHATTAN,307
2019,4,Collection,QUEENS,1050
2019,4,Collection,STATEN ISLAND,635
2019,4,Sweeping,BRONX,8
2019,4,Sweeping,BROOKLYN,27
2019,4,Sweeping,MANHATTAN,14
2019,4,Sweeping,QUEENS,13
2019,4,Sweeping,STATEN ISLAND,1
2019,5,Basket,BRONX,161
2019,5,Basket,BROOKLYN,125
2019,5,Basket,MANHATTAN,87
2019,5,Basket,QUEENS,58
2019,5,Basket,STATEN ISLAND,22
2019,5,Collection,BRONX,251
2019,5,Collection,BROOKLYN,1353
2019,5,Collection,MANHATTAN,265
2019,5,Collection,QUEENS,1029
2019,5,Collection,STATEN ISLAND,631
2019,5,Sweeping,BRONX,12
2019,5,Sweeping,BROOKLYN,36
2019,5,Sweeping,MANHATTAN,15
2019,5,Sweeping,QUEENS,13
2019,5,Sweeping,STATEN ISLAND,2
2019,6,Basket,BRONX,44
2019,6,Basket,BROOKLYN,218
2019,6,Basket,MANHATTAN,75
2019,6,Basket,QUEENS,80
2019,6,Basket,STATEN ISLAND,11
2019,6,Collection,BRONX,311
2019,6,Collection,BROOKLYN,1635
2019,6,Collection,MANHATTAN,336
2019,6,Collection,QUEENS,1158
2019,6,Collection,STATEN ISLAND,927
2019,6,Sweeping,BRONX,15
2019,6,Sweeping,BROOKLYN,39
2019,6,Sweeping,MANHATTAN,9
2019,6,Sweeping,QUEENS,15
2019,6,Sweeping,STATEN ISLAND,2
2019,7,Basket,BRONX,70
2019,7,Basket,BROOKLYN,146
2019,7,Basket,MANHATTAN,84
2019,7,Basket,QUEENS,179
2019,7,Basket,STATEN ISLAND,21
2019,7,Collection,BRONX,294
2019,7,Collection,BROOKLYN,1392
2019,7,Collection,MANHATTAN,269
2019,7,Collection,QUEENS,1166
2019,7,Collection,STATEN ISLAND,593
2019,7,Sweeping,BRONX,37
2019,7,Sweeping,BROOKLYN,80
2019,7,Sweeping,MANHATTAN,22
2019,7,Sweeping,QUEENS,36
2019,8,Basket,BRONX,44
2019,8,Basket,BROOKLYN,107
2019,8,Basket,MANHATTAN,47
2019,8,Basket,QUEENS,130
2019,8,Basket,STATEN ISLAND,17
2019,8,Collection,BRONX,289
2019,8,Collection,BROOKLYN,1402
2019,8,Collection,MANHATTAN,305
2019,8,Collection,QUEENS,1030
2019,8,Collection,STATEN ISLAND,547
2019,8,Sweeping,BRONX,22
2019,8,Sweeping,BROOKLYN,63
2019,8,Sweeping,MANHATTAN,17
2019,8,Sweeping,QUEENS,20
2019,8,Sweeping,STATEN ISLAND,1
2019,9,Basket,BRONX,40
2019,9,Basket,BROOKLYN,131
2019,9,Basket,MANHATTAN,61
2019,9,Basket,QUEENS,69
2019,9,Basket,STATEN ISLAND,35
2019,9,Collection,BRONX,235
2019,9,Collection,BROOKLYN,1319
2019,9,Collection,MANHATTAN,265
2019,9,Collection,QUEENS,884
2019,9,Collection,STATEN ISLAND,500
2019,9,Sweeping,BRONX,16
2019,9,Sweeping,BROOKLYN,67
2019,9,Sweeping,MANHATTAN,23
2019,9,Sweeping,QUEENS,42
2019,10,Basket,BRONX,34
2019,10,Basket,BROOKLYN,90
2019,10,Basket,MANHATTAN,54
2019,10,Basket,QUEENS,47
2019,10,Basket,STATEN ISLAND,22
2019,10,Collection,BRONX,289
2019,10,Collection,BROOKLYN,1305
2019,10,Collection,MANHATTAN,286
2019,10,Collection,QUEENS,908
2019,10,Collection,STATEN ISLAND,624
2019,10,Sweeping,BRONX,20
2019,10,Sweeping,BROOKLYN,41
2019,10,Sweeping,MANHATTAN,10
2019,10,Sweeping,QUEENS,48
2019,11,Basket,BRONX,31
2019,11,Basket,BROOKLYN,95
2019,11,Basket,MANHATTAN,44
2019,11,Basket,QUEENS,24
2019,11,Basket,STATEN ISLAND,27
2019,11,Collection,BRONX,344
2019,11,Collection,BROOKLYN,1399
2019,11,Collection,MANHATTAN,277
2019,11,Collection,QUEENS,1150
2019,11,Collection,STATEN ISLAND,1081
2019,11,Sweeping,BRONX,30
2019,11,Sweeping,BROOKLYN,58
2019,11,Sweeping,MANHATTAN,16
2019,11,Sweeping,QUEENS,48
2019,12,Basket,BRONX,14
2019,12,Basket,BROOKLYN,90
2019,12,Basket,MANHATTAN,48
2019,12,Basket,QUEENS,19
2019,12,Basket,STATEN ISLAND,16
2019,12,Collection,BRONX,247
2019,12,Collection,BROOKLYN,965
2019,12,Collection,MANHATTAN,152
2019,12,Collection,QUEENS,811
2019,12,Collection,STATEN ISLAND,540
2019,12,Sweeping,BRONX,9
2019,12,Sweeping,BROOKLYN,23
2019,12,Sweeping,MANHATTAN,18
2019,12,Sweeping,QUEENS,21
2020,1,Basket,BRONX,23
2020,1,Basket,BROOKLYN,73
2020,1,Basket,MANHATTAN,31
2020,1,Basket,QUEENS,29
2020,1,Basket,STATEN ISLAND,17
2020,1,Collection,BRONX,347
2020,1,Collection,BROOKLYN,1380
2020,1,Collection,MANHATTAN,299
2020,1,Collection,QUEENS,1178
2020,1,Collection,STATEN ISLAND,821
2020,1,Sweeping,BRONX,14
2020,1,Sweeping,BROOKLYN,37
2020,1,Sweeping,MANHATTAN,14
2020,1,Sweeping,QUEENS,15
2020,2,Basket,BRONX,20
2020,2,Basket,BROOKLYN,59
2020,2,Basket,MANHATTAN,40
2020,2,Basket,QUEENS,41
2020,2,Basket,STATEN ISLAND,14
2020,2,Collection,BRONX,291
2020,2,Collection,BROOKLYN,1051
2020,2,Collection,MANHATTAN,274
2020,2,Collection,QUEENS,885
2020,2,Collection,STATEN ISLAND,688
2020,2,Sweeping,BRONX,6
2020,2,Sweeping,BROOKLYN,26
2020,2,Sweeping,MANHATTAN,11
2020,2,Sweeping,QUEENS,14
2020,3,Basket,BRONX,16
2020,3,Basket,BROOKLYN,56
2020,3,Basket,MANHATTAN,23
2020,3,Basket,QUEENS,39
2020,3,Basket,STATEN ISLAND,12
2020,3,Collection,BRONX,232
2020,3,Collection,BROOKLYN,919
2020,3,Collection,MANHATTAN,152
2020,3,Collection,QUEENS,737
2020,3,Collection,STATEN ISLAND,602
2020,3,Sweeping,BRONX,7
2020,3,Sweeping,BROOKLYN,12
2020,3,Sweeping,MANHATTAN,6
2020,3,Sweeping,QUEENS,4
2020,4,Basket,BRONX,29
2020,4,Basket,BROOKLYN,29
2020,4,Basket,MANHATTAN,29
2020,4,Basket,QUEENS,33
2020,4,Basket,STATEN ISLAND,9
2020,4,Collection,BRONX,3
2020,4,Collection,BROOKLYN,11
2020,4,Collection,MANHATTAN,9
2020,4,Collection,QUEENS,10
2020,4,Collection,STATEN ISLAND,4
2020,5,Basket,BRONX,40
2020,5,Basket,BROOKLYN,84
2020,5,Basket,MANHATTAN,28
2020,5,Basket,QUEENS,45
2020,5,Basket,STATEN ISLAND,15
2020,5,Collection,BRONX,3
2020,5,Collection,BROOKLYN,15
2020,5,Collection,MANHATTAN,15
2020,5,Collection,QUEENS,9
2020,5,Collection,STATEN ISLAND,9
2020,5,Sweeping,BRONX,5
2020,5,Sweeping,BROOKLYN,13
2020,5,Sweeping,MANHATTAN,4
2020,5,Sweeping,QUEENS,3
2020,6,Basket,BRONX,61
2020,6,Basket,BROOKLYN,103
2020,6,Basket,MANHATTAN,58
2020,6,Basket,QUEENS,89
2020,6,Basket,STATEN ISLAND,27
2020,6,Collection,BRONX,308
2020,6,Collection,BROOKLYN,1519
2020,6,Collection,MANHATTAN,204
2020,6,Collection,QUEENS,1594
2020,6,Collection,STATEN ISLAND,1018
2020,6,Sweeping,BRONX,2
2020,6,Sweeping,BROOKLYN,5
2020,6,Sweeping,QUEENS,4
2020,7,Basket,BRONX,101
2020,7,Basket,BROOKLYN,304
2020,7,Basket,MANHATTAN,246
2020,7,Basket,QUEENS,280
2020,7,Basket,STATEN ISLAND,32
2020,7,Collection,BRONX,355
2020,7,Collection,BROOKLYN,2291
2020,7,Collection,MANHATTAN,358
2020,7,Collection,QUEENS,1821
2020,7,Collection,STATEN ISLAND,998
2020,7,Sweeping,BRONX,11
2020,7,Sweeping,BROOKLYN,46
2020,7,Sweeping,MANHATTAN,10
2020,7,Sweeping,QUEENS,18
2020,8,Basket,BRONX,75
2020,8,Basket,BROOKLYN,218
2020,8,Basket,MANHATTAN,196
2020,8,Basket,QUEENS,177
2020,8,Basket,STATEN ISLAND,29
2020,8,Collection,BRONX,351
2020,8,Collection,BROOKLYN,1776
2020,8,Collection,MANHATTAN,360
2020,8,Collection,QUEENS,1938
2020,8,Collection,STATEN ISLAND,836
2020,8,Sweeping,BRONX,35
2020,8,Sweeping,BROOKLYN,179
2020,8,Sweeping,MANHATTAN,63
2020,8,Sweeping,QUEENS,54
2020,9,Basket,BRONX,76
2020,9,Basket,BROOKLYN,218
2020,9,Basket,MANHATTAN,187
2020,9,Basket,QUEENS,136
2020,9,Basket,STATEN ISLAND,29
2020,9,Collection,BRONX,270
2020,9,Collection,BROOKLYN,1746
2020,9,Collection,MANHATTAN,325
2020,9,Collection,QUEENS,1671
2020,9,Collection,STATEN ISLAND,687
2020,9,Sweeping,BRONX,15
2020,9,Sweeping,BROOKLYN,112
2020,9,Sweeping,MANHATTAN,32
2020,9,Sweeping,QUEENS,25
2020,9,Sweeping,STATEN ISLAND,1
2020,10,Basket,BRONX,111
2020,10,Basket,BROOKLYN,134
2020,10,Basket,MANHATTAN,227
2020,10,Basket,QUEENS,60
2020,10,Basket,STATEN ISLAND,29
2020,10,Collection,BRONX,288
2020,10,Collection,BROOKLYN,1646
2020,10,Collection,MANHATTAN,340
2020,10,Collection,QUEENS,1317
2020,10,Collection,STATEN ISLAND,796
2020,10,Sweeping,BRONX,20
2020,10,Sweeping,BROOKLYN,131
2020,10,Sweeping,MANHATTAN,28
2020,10,Sweeping,QUEENS,34
2020,11,Basket,BRONX,32
2020,11,Basket,BROOKLYN,99
2020,11,Basket,MANHATTAN,74
2020,11,Basket,QUEENS,38
2020,11,Basket,STATEN ISLAND,8
2020,11,Collection,BRONX,312
2020,11,Collection,BROOKLYN,1285
2020,11,Collection,MANHATTAN,279
2020,11,Collection,QUEENS,1151
2020,11,Collection,STATEN ISLAND,910
2020,11,Sweeping,BRONX,33
2020,11,Sweeping,BROOKLYN,197
2020,11,Sweeping,MANHATTAN,26
2020,11,Sweeping,QUEENS,58
2020,12,Basket,BRONX,23
2020,12,Basket,BROOKLYN,78
2020,12,Basket,MANHATTAN,38
2020,12,Basket,QUEENS,37
2020,12,Basket,STATEN ISLAND,10
2020,12,Collection,BRONX,190
2020,12,Collection,BROOKLYN,1022
2020,12,Collection,MANHATTAN,170
2020,12,Collection,QUEENS,766
2020,12,Collection,STATEN ISLAND,902
2020,12,Sweeping,BRONX,9
2020,12,Sweeping,BROOKLYN,75
2020,12,Sweeping,MANHATTAN,22
2020,12,Sweeping,QUEENS,9
2021,1,Basket,BRONX,25
2021,1,Basket,BROOKLYN,127
2021,1,Basket,MANHATTAN,57
2021,1,Basket,QUEENS,59
2021,1,Basket,STATEN ISLAND,19
2021,1,Collection,BRONX,293
2021,1,Collection,BROOKLYN,1505
2021,1,Collection,MANHATTAN,259
2021,1,Collection,QUEENS,1305
2021,1,Collection,STATEN ISLAND,785
2021,1,Sweeping,BRONX,14
2021,1,Sweeping,BROOKLYN,90
2021,1,Sweeping,MANHATTAN,32
2021,1,Sweeping,QUEENS,17
2021,2,Basket,BRONX,19
2021,2,Basket,BROOKLYN,54
2021,2,Basket,MANHATTAN,40
2021,2,Basket,QUEENS,24
2021,2,Basket,STATEN ISLAND,7
2021,2,Collection,BRONX,21
2021,2,Collection,BROOKLYN,217
2021,2,Collection,MANHATTAN,28
2021,2,Collection,QUEENS,157
2021,2,Collection,STATEN ISLAND,91
2021,2,Sweeping,BRONX,4
2021,2,Sweeping,BROOKLYN,23
2021,2,Sweeping,MANHATTAN,12
2021,2,Sweeping,QUEENS,6
2021,3,Basket,BRONX,46
2021,3,Basket,BROOKLYN,176
2021,3,Basket,MANHATTAN,106
2021,3,Basket,QUEENS,69
2021,3,Basket,STATEN ISLAND,23
2021,3,Collection,BRONX,312
2021,3,Collection,BROOKLYN,4575
2021,3,Collection,MANHATTAN,361
2021,3,Collection,QUEENS,1759
2021,3,Collection,STATEN ISLAND,1780
2021,3,Sweeping,BRONX,16
2021,3,Sweeping,BROOKLYN,187
2021,3,Sweeping,MANHATTAN,54
2021,3,Sweeping,QUEENS,16
2021,4,Basket,BRONX,77
2021,4,Basket,BROOKLYN,121
2021,4,Basket,MANHATTAN,94
2021,4,Basket,QUEENS,58
2021,4,Basket,STATEN ISLAND,13
2021,4,Collection,BRONX,356
2021,4,Collection,BROOKLYN,1595
2021,4,Collection,MANHATTAN,290
2021,4,Collection,QUEENS,1407
2021,4,Collection,STATEN ISLAND,701
2021,4,Sweeping,BRONX,21
2021,4,Sweeping,BROOKLYN,59
2021,4,Sweeping,MANHATTAN,25
2021,4,Sweeping,QUEENS,7
2021,5,Basket,BRONX,76
2021,5,Basket,BROOKLYN,144
2021,5,Basket,MANHATTAN,96
2021,5,Basket,QUEENS,87
2021,5,Basket,STATEN ISLAND,28
2021,5,Collection,BRONX,319
2021,5,Collection,BROOKLYN,1553
2021,5,Collection,MANHATTAN,340
2021,5,Collection,QUEENS,1475
2021,5,Collection,STATEN ISLAND,790
2021,5,Sweeping,BRONX,18
2021,5,Sweeping,BROOKLYN,92
2021,5,Sweeping,MANHATTAN,21
2021,5,Sweeping,QUEENS,23
2021,5,Sweeping,STATEN ISLAND,2
2021,6,Basket,BRONX,73
2021,6,Basket,BROOKLYN,242
2021,6,Basket,MANHATTAN,138
2021,6,Basket,QUEENS,101
2021,6,Basket,STATEN ISLAND,42
2021,6,Collection,BRONX,378
2021,6,Collection,BROOKLYN,1824
2021,6,Collection,MANHATTAN,364
2021,6,Collection,QUEENS,1617
2021,6,Collection,STATEN ISLAND,846
2021,6,Sweeping,BRONX,23
2021,6,Sweeping,BROOKLYN,91
2021,6,Sweeping,MANHATTAN,35
2021,6,Sweeping,QUEENS,23
2021,6,Sweeping,STATEN ISLAND,1
2021,7,Basket,BRONX,82
2021,7,Basket,BROOKLYN,187
2021,7,Basket,MANHATTAN,138
2021,7,Basket,QUEENS,122
2021,7,Basket,STATEN ISLAND,42
2021,7,Collection,BRONX,393
2021,7,Collection,BROOKLYN,1991
2021,7,Collection,MANHATTAN,402
2021,7,Collection,QUEENS,1737
2021,7,Collection,STATEN ISLAND,898
2021,7,Sweeping,BRONX,30
2021,7,Sweeping,BROOKLYN,136
2021,7,Sweeping,MANHATTAN,24
2021,7,Sweeping,QUEENS,21
2021,8,Basket,BRONX,81
2021,8,Basket,BROOKLYN,185
2021,8,Basket,MANHATTAN,172
2021,8,Basket,QUEENS,103
2021,8,Basket,STATEN ISLAND,38
2021,8,Collection,BRONX,450
2021,8,Collection,BROOKLYN,1711
2021,8,Collection,MANHATTAN,328
2021,8,Collection,QUEENS,1554
2021,8,Collection,STATEN ISLAND,631
2021,8,Sweeping,BRONX,50
2021,8,Sweeping,BROOKLYN,162
2021,8,Sweeping,MANHATTAN,34
2021,8,Sweeping,QUEENS,28
2021,9,Basket,BRONX,84
2021,9,Basket,BROOKLYN,145
2021,9,Basket,MANHATTAN,176
2021,9,Basket,QUEENS,115
2021,9,Basket,STATEN ISLAND,30
2021,9,Collection,BRONX,465
2021,9,Collection,BROOKLYN,1757
2021,9,Collection,MANHATTAN,405
2021,9,Collection,QUEENS,1895
2021,9,Collection,STATEN ISLAND,724
2021,9,Sweeping,BRONX,29
2021,9,Sweeping,BROOKLYN,78
2021,9,Sweeping,MANHATTAN,29
2021,9,Sweeping,QUEENS,14
2021,10,Basket,BRONX,60
2021,10,Basket,BROOKLYN,218
2021,10,Basket,MANHATTAN,220
2021,10,Basket,QUEENS,117
2021,10,Basket,STATEN ISLAND,41
2021,10,Collection,BRONX,999
2021,10,Collection,BROOKLYN,6811
2021,10,Collection,MANHATTAN,958
2021,10,Collection,QUEENS,3746
2021,10,Collection,STATEN ISLAND,7531
2021,10,Sweeping,BRONX,77
2021,10,Sweeping,BROOKLYN,232
2021,10,Sweeping,MANHATTAN,58
2021,10,Sweeping,QUEENS,61
2021,10,Sweeping,STATEN ISLAND,4
2021,11,Basket,BRONX,33
2021,11,Basket,BROOKLYN,99
2021,11,Basket,MANHATTAN,98
2021,11,Basket,QUEENS,43
2021,11,Basket,STATEN ISLAND,14
2021,11,Collection,BRONX,336
2021,11,Collection,BROOKLYN,1592
2021,11,Collection,MANHATTAN,554
2021,11,Collection,QUEENS,2150
2021,11,Collection,STATEN ISLAND,1131
2021,11,Sweeping,BRONX,61
2021,11,Sweeping,BROOKLYN,162
2021,11,Sweeping,MANHATTAN,35
2021,11,Sweeping,QUEENS,64
2021,11,Sweeping,STATEN ISLAND,1
2021,12,Basket,BRONX,29
2021,12,Basket,BROOKLYN,100
2021,12,Basket,MANHATTAN,95
2021,12,Basket,QUEENS,60
2021,12,Basket,STATEN ISLAND,13
2021,12,Collection,BRONX,374
2021,12,Collection,BROOKLYN,1945
2021,12,Collection,MANHATTAN,352
2021,12,Collection,QUEENS,1901
2021,12,Collection,STATEN ISLAND,1089
2021,12,Sweeping,BRONX,58
2021,12,Sweeping,BROOKLYN,184
2021,12,Sweeping,MANHATTAN,52
2021,12,Sweeping,QUEENS,51
2022,1,Basket,BRONX,23
2022,1,Basket,BROOKLYN,102
2022,1,Basket,MANHATTAN,120
2022,1,Basket,QUEENS,49
2022,1,Basket,STATEN ISLAND,13
2022,1,Collection,BRONX,217
2022,1,Collection,BROOKLYN,1048
2022,1,Collection,MANHATTAN,238
2022,1,Collection,QUEENS,1009
2022,1,Collection,STATEN ISLAND,585
2022,1,Sweeping,BRONX,43
2022,1,Sweeping,BROOKLYN,97
2022,1,Sweeping,MANHATTAN,39
2022,1,Sweeping,QUEENS,22
2022,2,Basket,BRONX,18
2022,2,Basket,BROOKLYN,113
2022,2,Basket,MANHATTAN,80
2022,2,Basket,QUEENS,50
2022,2,Basket,STATEN ISLAND,114
2022,2,Collection,BRONX,162
2022,2,Collection,BROOKLYN,786
2022,2,Collection,MANHATTAN,194
2022,2,Collection,QUEENS,829
2022,2,Collection,STATEN ISLAND,416
2022,2,Sweeping,BRONX,54
2022,2,Sweeping,BROOKLYN,175
2022,2,Sweeping,MANHATTAN,47
2022,2,Sweeping,QUEENS,31
2022,2,Sweeping,STATEN ISLAND,1
2022,3,Basket,BRONX,22
2022,3,Basket,BROOKLYN,111
2022,3,Basket,MANHATTAN,85
2022,3,Basket,QUEENS,57
2022,3,Basket,STATEN ISLAND,29
2022,3,Collection,BRONX,345
2022,3,Collection,BROOKLYN,1689
2022,3,Collection,MANHATTAN,328
2022,3,Collection,QUEENS,1295
2022,3,Collection,STATEN ISLAND,796
2022,3,Sweeping,BRONX,123
2022,3,Sweeping,BROOKLYN,297
2022,3,Sweeping,MANHATTAN,75
2022,3,Sweeping,QUEENS,65
2022,3,Sweeping,STATEN ISLAND,3
2022,4,Basket,BRONX,36
2022,4,Basket,BROOKLYN,174
2022,4,Basket,MANHATTAN,108
2022,4,Basket,QUEENS,81
2022,4,Basket,STATEN ISLAND,31
2022,4,Collection,BRONX,327
2022,4,Collection,BROOKLYN,1690
2022,4,Collection,MANHATTAN,321
2022,4,Collection,QUEENS,1118
2022,4,Collection,STATEN ISLAND,537
2022,4,Sweeping,BRONX,78
2022,4,Sweeping,BROOKLYN,193
2022,4,Sweeping,MANHATTAN,47
2022,4,Sweeping,QUEENS,48
2022,4,Sweeping,STATEN ISLAND,1
2022,5,Basket,BRONX,34
2022,5,Basket,BROOKLYN,198
2022,5,Basket,MANHATTAN,106
2022,5,Basket,QUEENS,79
2022,5,Basket,STATEN ISLAND,33
2022,5,Collection,BRONX,349
2022,5,Collection,BROOKLYN,1901
2022,5,Collection,MANHATTAN,366
2022,5,Collection,QUEENS,1285
2022,5,Collection,STATEN ISLAND,477
2022,5,Sweeping,BRONX,79
2022,5,Sweeping,BROOKLYN,225
2022,5,Sweeping,MANHATTAN,56
2022,5,Sweeping,QUEENS,63
2022,5,Sweeping,STATEN ISLAND,1
2022,6,Basket,BRONX,60
2022,6,Basket,BROOKLYN,168
2022,6,Basket,MANHATTAN,154
2022,6,Basket,QUEENS,100
2022,6,Basket,STATEN ISLAND,29
2022,6,Collection,BRONX,407
2022,6,Collection,BROOKLYN,2018
2022,6,Collection,MANHATTAN,413
2022,6,Collection,QUEENS,1545
2022,6,Collection,STATEN ISLAND,645
2022,6,Sweeping,BRONX,84
2022,6,Sweeping,BROOKLYN,381
2022,6,Sweeping,MANHATTAN,97
2022,6,Sweeping,QUEENS,82
2022,6,Sweeping,STATEN ISLAND,3
2022,7,Basket,BRONX,56
2022,7,Basket,BROOKLYN,163
2022,7,Basket,MANHATTAN,140
2022,7,Basket,QUEENS,58
2022,7,Basket,STATEN ISLAND,26
2022,7,Collection,BRONX,380
2022,7,Collection,BROOKLYN,2051
2022,7,Collection,MANHATTAN,385
2022,7,Collection,QUEENS,1419
2022,7,Collection,STATEN ISLAND,626
2022,7,Sweeping,BRONX,204
2022,7,Sweeping,BROOKLYN,634
2022,7,Sweeping,MANHATTAN,130
2022,7,Sweeping,QUEENS,113
2022,7,Sweeping,STATEN ISLAND,3
2022,8,Basket,BRONX,53
2022,8,Basket,BROOKLYN,163
2022,8,Basket,MANHATTAN,125
2022,8,Basket,QUEENS,82
2022,8,Basket,STATEN ISLAND,31
2022,8,Collection,BRONX,412
2022,8,Collection,BROOKLYN,1958
2022,8,Collection,MANHATTAN,397
2022,8,Collection,QUEENS,1582
2022,8,Collection,STATEN ISLAND,601
2022,8,Sweeping,BRONX,164
2022,8,Sweeping,BROOKLYN,517
2022,8,Sweeping,MANHATTAN,115
2022,8,Sweeping,QUEENS,136
2022,8,Sweeping,STATEN ISLAND,3
2022,9,Basket,BRONX,35
2022,9,Basket,BROOKLYN,170
2022,9,Basket,MANHATTAN,117
2022,9,Basket,QUEENS,99
2022,9,Basket,STATEN ISLAND,26
2022,9,Collection,BRONX,412
2022,9,Collection,BROOKLYN,2238
2022,9,Collection,MANHATTAN,429
2022,9,Collection,QUEENS,1507
2022,9,Collection,STATEN ISLAND,586
2022,9,Sweeping,BRONX,120
2022,9,Sweeping,BROOKLYN,333
2022,9,Sweeping,MANHATTAN,96
2022,9,Sweeping,QUEENS,77
2022,9,Sweeping,STATEN ISLAND,1
2022,9,Sweeping,Unspecified,1
2022,10,Basket,BRONX,25
2022,10,Basket,BROOKLYN,120
2022,10,Basket,MANHATTAN,137
2022,10,Basket,QUEENS,73
2022,10,Basket,STATEN ISLAND,31
2022,10,Collection,BRONX,366
2022,10,Collection,BROOKLYN,2171
2022,10,Collection,MANHATTAN,473
2022,10,Collection,QUEENS,2204
2022,10,Collection,STATEN ISLAND,627
2022,10,Sweeping,BRONX,90
2022,10,Sweeping,BROOKLYN,320
2022,10,Sweeping,MANHATTAN,59
2022,10,Sweeping,QUEENS,87
2022,10,Sweeping,STATEN ISLAND,3
2022,11,Basket,BRONX,21
2022,11,Basket,BROOKLYN,86
2022,11,Basket,MANHATTAN,112
2022,11,Basket,QUEENS,44
2022,11,Basket,STATEN ISLAND,24
2022,11,Collection,BRONX,352
2022,11,Collection,BROOKLYN,2175
2022,11,Collection,MANHATTAN,450
2022,11,Collection,QUEENS,1996
2022,11,Collection,STATEN ISLAND,1133
2022,11,Sweeping,BRONX,127
2022,11,Sweeping,BROOKLYN,608
2022,11,Sweeping,MANHATTAN,131
2022,11,Sweeping,QUEENS,195
2022,11,Sweeping,STATEN ISLAND,1
2022,11,Sweeping,Unspecified,1
2022,12,Basket,BRONX,15
2022,12,Basket,BROOKLYN,57
2022,12,Basket,MANHATTAN,94
2022,12,Basket,QUEENS,47
2022,12,Basket,STATEN ISLAND,18
2022,12,Collection,BRONX,452
2022,12,Collection,BROOKLYN,1709
2022,12,Collection,MANHATTAN,480
2022,12,Collection,QUEENS,1937
2022,12,Collection,STATEN ISLAND,800
2022,12,Collection,Unspecified,1
2022,12,Sweeping,BRONX,76
2022,12,Sweeping,BROOKLYN,433
2022,12,Sweeping,MANHATTAN,58
2022,12,Sweeping,QUEENS,89
2022,12,Sweeping,STATEN ISLAND,1
2023,1,Basket,BRONX,28
2023,1,Basket,BROOKLYN,113
2023,1,Basket,MANHATTAN,121
2023,1,Basket,QUEENS,44
2023,1,Basket,STATEN ISLAND,31
2023,1,Basket,Unspecified,1
2023,1,Collection,BRONX,374
2023,1,Collection,BROOKLYN,1745
2023,1,Collection,MANHATTAN,391
2023,1,Collection,QUEENS,1357
2023,1,Collection,STATEN ISLAND,657
2023,1,Collection,Unspecified,11
2023,1,Sweeping,BRONX,98
2023,1,Sweeping,BROOKLYN,352
2023,1,Sweeping,MANHATTAN,59
2023,1,Sweeping,QUEENS,77
2023,1,Sweeping,STATEN ISLAND,2
2023,1,Sweeping,Unspecified,1
2023,2,Basket,BRONX,24
2023,2,Basket,BROOKLYN,128
2023,2,Basket,MANHATTAN,82
2023,2,Basket,QUEENS,52
2023,2,Basket,STATEN ISLAND,19
2023,2,Collection,BRONX,315
2023,2,Collection,BROOKLYN,1356
2023,2,Collection,MANHATTAN,373
2023,2,Collection,QUEENS,945
2023,2,Collection,STATEN ISLAND,417
2023,2,Sweeping,BRONX,87
2023,2,Sweeping,BROOKLYN,190
2023,2,Sweeping,MANHATTAN,42
2023,2,Sweeping,QUEENS,57
2023,2,Sweeping,STATEN ISLAND,4
2023,3,Basket,BRONX,23
2023,3,Basket,BROOKLYN,112
2023,3,Basket,MANHATTAN,115
2023,3,Basket,QUEENS,55
2023,3,Basket,STATEN ISLAND,22
2023,3,Collection,BRONX,332
2023,3,Collection,BROOKLYN,1666
2023,3,Collection,MANHATTAN,381
2023,3,Collection,QUEENS,1147
2023,3,Collection,STATEN ISLAND,485
2023,3,Sweeping,BRONX,108
2023,3,Sweeping,BROOKLYN,299
2023,3,Sweeping,MANHATTAN,56
2023,3,Sweeping,QUEENS,66
2023,3,Sweeping,STATEN ISLAND,2
2023,4,Basket,BRONX,39
2023,4,Basket,BROOKLYN,161
2023,4,Basket,MANHATTAN,117
2023,4,Basket,QUEENS,71
2023,4,Basket,STATEN ISLAND,28
2023,4,Basket,Unspecified,1
2023,4,Collection,BRONX,374
2023,4,Collection,BROOKLYN,1743
2023,4,Collection,MANHATTAN,529
2023,4,Collection,QUEENS,1816
2023,4,Collection,STATEN ISLAND,467
2023,4,Collection,Unspecified,9
2023,4,Sweeping,BRONX,78
2023,4,Sweeping,BROOKLYN,244
2023,4,Sweeping,MANHATTAN,35
2023,4,Sweeping,QUEENS,45
2023,5,Basket,BRONX,36
2023,5,Basket,BROOKLYN,205
2023,5,Basket,MANHATTAN,147
2023,5,Basket,QUEENS,75
2023,5,Basket,STATEN ISLAND,35
2023,5,Collection,BRONX,416
2023,5,Collection,BROOKLYN,1947
2023,5,Collection,MANHATTAN,536
2023,5,Collection,QUEENS,1863
2023,5,Collection,STATEN ISLAND,794
2023,5,Collection,Unspecified,2
2023,5,Sweeping,BRONX,106
2023,5,Sweeping,BROOKLYN,407
2023,5,Sweeping,MANHATTAN,67
2023,5,Sweeping,QUEENS,69
2023,5,Sweeping,STATEN ISLAND,1
2023,6,Basket,BRONX,46
2023,6,Basket,BROOKLYN,182
2023,6,Basket,MANHATTAN,145
2023,6,Basket,QUEENS,92
2023,6,Basket,STATEN ISLAND,24
2023,6,Collection,BRONX,366
2023,6,Collection,BROOKLYN,2065
2023,6,Collection,MANHATTAN,591
2023,6,Collection,QUEENS,1866
2023,6,Collection,STATEN ISLAND,616
2023,6,Sweeping,BRONX,88
2023,6,Sweeping,BROOKLYN,361
2023,6,Sweeping,MANHATTAN,71
2023,6,Sweeping,QUEENS,72
2023,6,Sweeping,STATEN ISLAND,1
2023,7,Basket,BRONX,71
2023,7,Basket,BROOKLYN,189
2023,7,Basket,MANHATTAN,181
2023,7,Basket,QUEENS,102
2023,7,Basket,STATEN ISLAND,25
2023,7,Collection,BRONX,394
2023,7,Collection,BROOKLYN,1778
2023,7,Collection,MANHATTAN,532
2023,7,Collection,QUEENS,1984
2023,7,Collection,STATEN ISLAND,570
2023,7,Sweeping,BRONX,145
2023,7,Sweeping,BROOKLYN,580
2023,7,Sweeping,MANHATTAN,93
2023,7,Sweeping,QUEENS,108
2023,7,Sweeping,STATEN ISLAND,2
2023,8,Basket,BRONX,55
2023,8,Basket,BROOKLYN,227
2023,8,Basket,MANHATTAN,179
2023,8,Basket,QUEENS,123
2023,8,Basket,STATEN ISLAND,24
2023,8,Collection,BRONX,368
2023,8,Collection,BROOKLYN,1766
2023,8,Collection,MANHATTAN,480
2023,8,Collection,QUEENS,1814
2023,8,Collection,STATEN ISLAND,561
2023,8,Sweeping,BRONX,98
2023,8,Sweeping,BROOKLYN,484
2023,8,Sweeping,MANHATTAN,85
2023,8,Sweeping,QUEENS,85
2023,8,Sweeping,STATEN ISLAND,2
2023,9,Basket,BRONX,46
2023,9,Basket,BROOKLYN,302
2023,9,Basket,MANHATTAN,164
2023,9,Basket,QUEENS,115
2023,9,Basket,STATEN ISLAND,13
2023,9,Basket,Unspecified,7
2023,9,Collection,BRONX,357
2023,9,Collection,BROOKLYN,1950
2023,9,Collection,MANHATTAN,519
2023,9,Collection,QUEENS,1663
2023,9,Collection,STATEN ISLAND,538
2023,9,Collection,Unspecified,100
2023,9,Sweeping,BRONX,97
2023,9,Sweeping,BROOKLYN,423
2023,9,Sweeping,MANHATTAN,77
2023,9,Sweeping,QUEENS,74
2023,9,Sweeping,Unspecified,13
2023,10,Basket,BRONX,37
2023,10,Basket,BROOKLYN,232
2023,10,Basket,MANHATTAN,182
2023,10,Basket,QUEENS,92
2023,10,Basket,STATEN ISLAND,23
2023,10,Collection,BRONX,266
2023,10,Collection,BROOKLYN,2341
2023,10,Collection,MANHATTAN,456
2023,10,Collection,QUEENS,1332
2023,10,Collection,STATEN ISLAND,418
2023,10,Sweeping,BRONX,172
2023,10,Sweeping,BROOKLYN,608
2023,10,Sweeping,MANHATTAN,118
2023,10,Sweeping,QUEENS,168
2023,10,Sweeping,STATEN ISLAND,2
2023,11,Basket,BRONX,30
2023,11,Basket,BROOKLYN,173
2023,11,Basket,MANHATTAN,152
2023,11,Basket,QUEENS,85
2023,11,Basket,STATEN ISLAND,18
2023,11,Collection,BRONX,253
2023,11,Collection,BROOKLYN,1845
2023,11,Collection,MANHATTAN,421
2023,11,Collection,QUEENS,1038
2023,11,Collection,STATEN ISLAND,791
2023,11,Sweeping,BRONX,136
2023,11,Sweeping,BROOKLYN,664
2023,11,Sweeping,MANHATTAN,100
2023,11,Sweeping,QUEENS,188
2023,11,Sweeping,STATEN ISLAND,1
2023,12,Basket,BRONX,30
2023,12,Basket,BROOKLYN,138
2023,12,Basket,MANHATTAN,133
2023,12,Basket,QUEENS,65
2023,12,Basket,STATEN ISLAND,14
2023,12,Basket,Unspecified,1
2023,12,Collection,BRONX,333
2023,12,Collection,BROOKLYN,1438
2023,12,Collection,MANHATTAN,334
2023,12,Collection,QUEENS,1161
2023,12,Collection,STATEN ISLAND,503
2023,12,Sweeping,BRONX,101
2023,12,Sweeping,BROOKLYN,431
2023,12,Sweeping,MANHATTAN,93
2023,12,Sweeping,QUEENS,101
2023,12,Sweeping,STATEN ISLAND,1
2024,1,Basket,BRONX,37
2024,1,Basket,BROOKLYN,94
2024,1,Basket,MANHATTAN,121
2024,1,Basket,QUEENS,54
2024,1,Basket,STATEN ISLAND,12
2024,1,Collection,BRONX,222
2024,1,Collection,BROOKLYN,946
2024,1,Collection,MANHATTAN,213
2024,1,Collection,QUEENS,765
2024,1,Collection,STATEN ISLAND,290
2024,1,Sweeping,BRONX,73
2024,1,Sweeping,BROOKLYN,336
2024,1,Sweeping,MANHATTAN,82
2024,1,Sweeping,QUEENS,65
2024,1,Sweeping,STATEN ISLAND,2
2024,2,Basket,BRONX,29
2024,2,Basket,BROOKLYN,77
2024,2,Basket,MANHATTAN,124
2024,2,Basket,QUEENS,52
2024,2,Basket,STATEN ISLAND,20
2024,2,Collection,BRONX,146
2024,2,Collection,BROOKLYN,653
2024,2,Collection,MANHATTAN,188
2024,2,Collection,QUEENS,589
2024,2,Collection,STATEN ISLAND,173
2024,2,Sweeping,BRONX,81
2024,2,Sweeping,BROOKLYN,281
2024,2,Sweeping,MANHATTAN,76
2024,2,Sweeping,QUEENS,66
2024,2,Sweeping,STATEN ISLAND,3
2024,3,Basket,BRONX,38
2024,3,Basket,BROOKLYN,129
2024,3,Basket,MANHATTAN,140
2024,3,Basket,QUEENS,58
2024,3,Basket,STATEN ISLAND,13
2024,3,Collection,BRONX,238
2024,3,Collection,BROOKLYN,1170
2024,3,Collection,MANHATTAN,353
2024,3,Collection,QUEENS,896
2024,3,Collection,STATEN ISLAND,315
2024,3,Sweeping,BRONX,74
2024,3,Sweeping,BROOKLYN,301
2024,3,Sweeping,MANHATTAN,48
2024,3,Sweeping,QUEENS,67
2024,3,Sweeping,STATEN ISLAND,1
2024,4,Basket,BRONX,35
2024,4,Basket,BROOKLYN,115
2024,4,Basket,MANHATTAN,124
2024,4,Basket,QUEENS,70
2024,4,Basket,STATEN ISLAND,22
2024,4,Collection,BRONX,221
2024,4,Collection,BROOKLYN,1061
2024,4,Collection,MANHATTAN,290
2024,4,Collection,QUEENS,809
2024,4,Collection,STATEN ISLAND,274
2024,4,Sweeping,BRONX,76
2024,4,Sweeping,BROOKLYN,256
2024,4,Sweeping,MANHATTAN,50
2024,4,Sweeping,QUEENS,67
2024,5,Basket,BRONX,35
2024,5,Basket,BROOKLYN,187
2024,5,Basket,MANHATTAN,158
2024,5,Basket,QUEENS,80
2024,5,Basket,STATEN ISLAND,21
2024,5,Collection,BRONX,208
2024,5,Collection,BROOKLYN,1120
2024,5,Collection,MANHATTAN,302
2024,5,Collection,QUEENS,804
2024,5,Collection,STATEN ISLAND,301
2024,5,Sweeping,BRONX,93
2024,5,Sweeping,BROOKLYN,389
2024,5,Sweeping,MANHATTAN,78
2024,5,Sweeping,QUEENS,84
2024,5,Sweeping,STATEN ISLAND,2
2024,6,Basket,BRONX,53
2024,6,Basket,BROOKLYN,181
2024,6,Basket,MANHATTAN,171
2024,6,Basket,QUEENS,116
2024,6,Basket,STATEN ISLAND,19
2024,6,Collection,BRONX,182
2024,6,Collection,BROOKLYN,1044
2024,6,Collection,MANHATTAN,254
2024,6,Collection,QUEENS,888
2024,6,Collection,STATEN ISLAND,260
2024,6,Sweeping,BRONX,81
2024,6,Sweeping,BROOKLYN,329
2024,6,Sweeping,MANHATTAN,79
2024,6,Sweeping,QUEENS,95
2024,6,Sweeping,STATEN ISLAND,1
2024,7,Basket,BRONX,42
2024,7,Basket,BROOKLYN,184
2024,7,Basket,MANHATTAN,154
2024,7,Basket,QUEENS,122
2024,7,Basket,STATEN ISLAND,22
2024,7,Collection,BRONX,223
2024,7,Collection,BROOKLYN,1069
2024,7,Collection,MANHATTAN,323
2024,7,Collection,QUEENS,968
2024,7,Collection,STATEN ISLAND,348
2024,7,Sweeping,BRONX,143
2024,7,Sweeping,BROOKLYN,378
2024,7,Sweeping,MANHATTAN,88
2024,7,Sweeping,QUEENS,127
2024,7,Sweeping,STATEN ISLAND,2
2024,8,Basket,BRONX,64
2024,8,Basket,BROOKLYN,150
2024,8,Basket,MANHATTAN,139
2024,8,Basket,QUEENS,112
2024,8,Basket,STATEN ISLAND,26
2024,8,Collection,BRONX,281
2024,8,Collection,BROOKLYN,1162
2024,8,Collection,MANHATTAN,336
2024,8,Collection,QUEENS,1033
2024,8,Collection,STATEN ISLAND,380
2024,8,Sweeping,BRONX,95
2024,8,Sweeping,BROOKLYN,354
2024,8,Sweeping,MANHATTAN,88
2024,8,Sweeping,QUEENS,105
2024,8,Sweeping,STATEN ISLAND,3
2024,9,Basket,BRONX,56
2024,9,Basket,BROOKLYN,215
2024,9,Basket,MANHATTAN,146
2024,9,Basket,QUEENS,136
2024,9,Basket,STATEN ISLAND,24
2024,9,Collection,BRONX,220
2024,9,Collection,BROOKLYN,1006
2024,9,Collection,MANHATTAN,342
2024,9,Collection,QUEENS,815
2024,9,Collection,STATEN ISLAND,215
2024,9,Sweeping,BRONX,179
2024,9,Sweeping,BROOKLYN,449
2024,9,Sweeping,MANHATTAN,124
2024,9,Sweeping,QUEENS,122
2024,9,Sweeping,STATEN ISLAND,1
2024,10,Basket,BRONX,52
2024,10,Basket,BROOKLYN,171
2024,10,Basket,MANHATTAN,151
2024,10,Basket,QUEENS,113
2024,10,Basket,STATEN ISLAND,37
2024,10,Collection,BRONX,332
2024,10,Collection,BROOKLYN,1130
2024,10,Collection,MANHATTAN,449
2024,10,Collection,QUEENS,779
2024,10,Collection,STATEN ISLAND,376
2024,10,Sweeping,BRONX,120
2024,10,Sweeping,BROOKLYN,520
2024,10,Sweeping,MANHATTAN,91
2024,10,Sweeping,QUEENS,184
2024,11,Basket,BRONX,30
2024,11,Basket,BROOKLYN,142
2024,11,Basket,MANHATTAN,191
2024,11,Basket,QUEENS,67
2024,11,Basket,STATEN ISLAND,29
2024,11,Collection,BRONX,252
2024,11,Collection,BROOKLYN,809
2024,11,Collection,MANHATTAN,422
2024,11,Collection,QUEENS,575
2024,11,Collection,STATEN ISLAND,356
2024,11,Sweeping,BRONX,122
2024,11,Sweeping,BROOKLYN,600
2024,11,Sweeping,MANHATTAN,88
2024,11,Sweeping,QUEENS,159
2024,11,Sweeping,STATEN ISLAND,1
2024,12,Basket,BRONX,34
2024,12,Basket,BROOKLYN,101
2024,12,Basket,MANHATTAN,103
2024,12,Basket,QUEENS,56
2024,12,Basket,STATEN ISLAND,14
2024,12,Collection,BRONX,415
2024,12,Collection,BROOKLYN,1191
2024,12,Collection,MANHATTAN,464
2024,12,Collection,QUEENS,1060
2024,12,Collection,STATEN ISLAND,566
2024,12,Sweeping,BRONX,78
2024,12,Sweeping,BROOKLYN,332
2024,12,Sweeping,MANHATTAN,75
2024,12,Sweeping,QUEENS,78
2024,12,Sweeping,STATEN ISLAND,1
2025,1,Basket,BRONX,23
2025,1,Basket,BROOKLYN,121
2025,1,Basket,MANHATTAN,103
2025,1,Basket,QUEENS,60
2025,1,Basket,STATEN ISLAND,25
2025,1,Collection,BRONX,322
2025,1,Collection,BROOKLYN,972
2025,1,Collection,MANHATTAN,417
2025,1,Collection,QUEENS,766
2025,1,Collection,STATEN ISLAND,517
2025,1,Sweeping,BRONX,56
2025,1,Sweeping,BROOKLYN,246
2025,1,Sweeping,MANHATTAN,45
2025,1,Sweeping,QUEENS,67
2025,1,Sweeping,STATEN ISLAND,1
2025,2,Basket,BRONX,14
2025,2,Basket,BROOKLYN,97
2025,2,Basket,MANHATTAN,108
2025,2,Basket,QUEENS,72
2025,2,Basket,STATEN ISLAND,9
2025,2,Collection,BRONX,189
2025,2,Collection,BROOKLYN,642
2025,2,Collection,MANHATTAN,271
2025,2,Collection,QUEENS,541
2025,2,Collection,STATEN ISLAND,382
2025,2,Sweeping,BRONX,40
2025,2,Sweeping,BROOKLYN,157
2025,2,Sweeping,MANHATTAN,38
2025,2,Sweeping,QUEENS,39
2025,2,Sweeping,STATEN ISLAND,1
2025,3,Basket,BRONX,35
2025,3,Basket,BROOKLYN,148
2025,3,Basket,MANHATTAN,96
2025,3,Basket,QUEENS,80
2025,3,Basket,STATEN ISLAND,22
2025,3,Collection,BRONX,417
2025,3,Collection,BROOKLYN,1256
2025,3,Collection,MANHATTAN,440
2025,3,Collection,QUEENS,943
2025,3,Collection,STATEN ISLAND,641
2025,3,Sweeping,BRONX,84
2025,3,Sweeping,BROOKLYN,246
2025,3,Sweeping,MANHATTAN,82
2025,3,Sweeping,QUEENS,62
2025,3,Sweeping,STATEN ISLAND,8
2025,4,Basket,BRONX,45
2025,4,Basket,BROOKLYN,153
2025,4,Basket,MANHATTAN,110
2025,4,Basket,QUEENS,72
2025,4,Basket,STATEN ISLAND,38
2025,4,Collection,BRONX,672
2025,4,Collection,BROOKLYN,1726
2025,4,Collection,MANHATTAN,564
2025,4,Collection,QUEENS,1660
2025,4,Collection,STATEN ISLAND,622
2025,4,Sweeping,BRONX,73
2025,4,Sweeping,BROOKLYN,249
2025,4,Sweeping,MANHATTAN,67
2025,4,Sweeping,QUEENS,64
2025,4,Sweeping,STATEN ISLAND,3
2025,5,Basket,BRONX,59
2025,5,Basket,BROOKLYN,194
2025,5,Basket,MANHATTAN,163
2025,5,Basket,QUEENS,98
2025,5,Basket,STATEN ISLAND,25
2025,5,Collection,BRONX,489
2025,5,Collection,BROOKLYN,1534
2025,5,Collection,MANHATTAN,431
2025,5,Collection,QUEENS,1435
2025,5,Collection,STATEN ISLAND,614
2025,5,Sweeping,BRONX,116
2025,5,Sweeping,BROOKLYN,290
2025,5,Sweeping,MANHATTAN,92
2025,5,Sweeping,QUEENS,92
2025,5,Sweeping,STATEN ISLAND,3
2025,6,Basket,BRONX,71
2025,6,Basket,BROOKLYN,214
2025,6,Basket,MANHATTAN,157
2025,6,Basket,QUEENS,104
2025,6,Basket,STATEN ISLAND,25
2025,6,Collection,BRONX,413
2025,6,Collection,BROOKLYN,1313
2025,6,Collection,MANHATTAN,422
2025,6,Collection,QUEENS,1334
2025,6,Collection,STATEN ISLAND,562
2025,6,Sweeping,BRONX,93
2025,6,Sweeping,BROOKLYN,283
2025,6,Sweeping,MANHATTAN,94
2025,6,Sweeping,QUEENS,85
2025,6,Sweeping,STATEN ISLAND,4
2025,7,Basket,BRONX,62
2025,7,Basket,BROOKLYN,231
2025,7,Basket,MANHATTAN,133
2025,7,Basket,QUEENS,200
2025,7,Basket,STATEN ISLAND,23
2025,7,Collection,BRONX,421
2025,7,Collection,BROOKLYN,1405
2025,7,Collection,MANHATTAN,376
2025,7,Collection,QUEENS,1343
2025,7,Collection,STATEN ISLAND,654
2025,7,Sweeping,BRONX,122
2025,7,Sweeping,BROOKLYN,372
2025,7,Sweeping,MANHATTAN,97
2025,7,Sweeping,QUEENS,120
2025,7,Sweeping,STATEN ISLAND,2
2025,8,Basket,BRONX,58
2025,8,Basket,BROOKLYN,180
2025,8,Basket,MANHATTAN,140
2025,8,Basket,QUEENS,116
2025,8,Basket,STATEN ISLAND,30
2025,8,Collection,BRONX,469
2025,8,Collection,BROOKLYN,1407
2025,8,Collection,MANHATTAN,398
2025,8,Collection,QUEENS,1458
2025,8,Collection,STATEN ISLAND,712
2025,8,Sweeping,BRONX,131
2025,8,Sweeping,BROOKLYN,376
2025,8,Sweeping,MANHATTAN,106
2025,8,Sweeping,QUEENS,130
2025,8,Sweeping,STATEN ISLAND,3
2025,9,Basket,BRONX,66
2025,9,Basket,BROOKLYN,243
2025,9,Basket,MANHATTAN,131
2025,9,Basket,QUEENS,98
2025,9,Basket,STATEN ISLAND,44
2025,9,Collection,BRONX,377
2025,9,Collection,BROOKLYN,1156
2025,9,Collection,MANHATTAN,448
2025,9,Collection,QUEENS,966
2025,9,Collection,STATEN ISLAND,447
2025,9,Sweeping,BRONX,120
2025,9,Sweeping,BROOKLYN,369
2025,9,Sweeping,MANHATTAN,96
2025,9,Sweeping,QUEENS,95
2025,9,Sweeping,STATEN ISLAND,5
2025,9,Sweeping,Unspecified,1
2025,10,Basket,BRONX,49
2025,10,Basket,BROOKLYN,156
2025,10,Basket,MANHATTAN,136
2025,10,Basket,QUEENS,70
2025,10,Basket,STATEN ISLAND,25
2025,10,Collection,BRONX,314
2025,10,Collection,BROOKLYN,1114
2025,10,Collection,MANHATTAN,364
2025,10,Collection,QUEENS,889
2025,10,Collection,STATEN ISLAND,403
2025,10,Sweeping,BRONX,111
2025,10,Sweeping,BROOKLYN,377
2025,10,Sweeping,MANHATTAN,66
2025,10,Sweeping,QUEENS,111
2025,10,Sweeping,STATEN ISLAND,1
2025,11,Basket,BRONX,22
2025,11,Basket,BROOKLYN,79
2025,11,Basket,MANHATTAN,149
2025,11,Basket,QUEENS,43
2025,11,Basket,STATEN ISLAND,27
2025,11,Collection,BRONX,143
2025,11,Collection,BROOKLYN,480
2025,11,Collection,MANHATTAN,189
2025,11,Collection,QUEENS,404
2025,11,Collection,STATEN ISLAND,201
2025,11,Sweeping,BRONX,93
2025,11,Sweeping,BROOKLYN,374
2025,11,Sweeping,MANHATTAN,78
2025,11,Sweeping,QUEENS,116
