Borough_CD,2007,2008,2009,2010,2011,2012,2013,2014,2015,2016,2017,2018,2019,2020,2021,2022,2023,2024,2025,geometry
BX08,7055.0,8151.5,7515.0,7473.0,7850.0,7920.0,9274.5,8668.5,9262.0,8122.0,9235.5,8905.5,0.0,5083.0,5723.5,5293.0,7925.0,6896.0,5455.0,POINT (-73.90459140730678 40.87919896648574)
BX04,6729.0,5950.5,6446.0,6161.0,7083.5,6601.0,8287.0,8828.0,9348.5,9613.5,10042.0,8693.0,7625.0,3959.0,6329.5,8694.5,9103.5,8558.5,9564.0,POINT (-73.92188432870218 40.82662794123292)
BX05,27321.5,18760.5,18595.5,23415.5,25856.5,18696.5,22905.0,21477.0,21781.5,22788.0,21714.0,18149.0,20832.0,13006.0,12439.0,12718.5,12080.5,12470.0,11223.0,POINT (-73.89535781584335 40.86215460031517)
BX07,4721.0,7947.0,6514.0,7302.5,6217.0,6362.0,7979.5,6976.5,6892.5,6504.5,6905.5,6091.0,0.0,4201.0,3744.0,4547.5,4640.5,4824.5,4173.0,POINT (-73.87892467324478 40.8812869959873)
BX06,5841.0,4934.0,6418.0,10769.0,11164.0,5436.5,7544.5,6793.0,7072.0,7024.0,7048.5,7279.5,0.0,4073.0,4391.0,4126.0,4213.0,4255.0,3821.0,POINT (-73.88956389732787 40.844636776717664)
BX04,2760.0,3002.0,2396.0,2702.5,3047.5,3508.5,3835.0,3953.0,4014.5,3914.0,3803.5,3738.0,3391.0,2659.0,2592.5,2825.0,2317.5,2593.0,3620.0,POINT (-73.92087824799184 40.83015855511035)
BX01,12603.0,11386.5,14028.5,13277.5,14357.5,13997.5,14887.5,17708.0,17299.5,17159.0,17130.5,16013.5,12692.0,8439.0,8388.5,10124.5,10753.5,10258.5,9046.0,POINT (-73.91635737290386 40.81688745834867)
BX11,9387.0,9016.5,8446.0,8737.5,7998.5,9854.5,9547.0,8988.5,8987.5,9162.5,9994.0,9060.5,9638.0,6522.0,7646.5,7491.0,7209.5,7201.0,6251.0,POINT (-73.86767352599497 40.85558871971955)
BK07,11283.0,12390.5,11421.0,11515.5,14921.0,11153.5,14005.5,15826.5,15797.0,15188.0,13056.5,10526.5,3179.0,0.0,13261.0,8865.5,19044.0,8935.5,8860.0,POINT (-74.01119296689038 40.64426682358741)
BK06,4576.0,4525.5,5024.5,5764.5,6072.0,5573.0,5952.0,6119.0,6515.5,6466.5,5363.5,5255.0,11721.0,5666.0,4847.0,5373.5,5404.5,4854.0,5738.0,POINT (-73.98067647018506 40.676093537146265)
BK06,8419.0,10165.0,9063.0,10356.0,8922.0,9604.5,10645.5,9612.0,9323.5,9883.0,10591.5,9621.5,9850.0,6311.0,7376.5,8752.0,9023.0,8554.0,10351.0,POINT (-73.98134205800814 40.66717415129596)
BK10,9369.5,10607.0,8914.0,9322.0,11302.0,11274.0,12159.0,10698.0,12445.5,12299.0,11244.5,10603.5,10930.0,7595.0,6332.5,7621.5,7937.0,9258.0,8750.0,POINT (-74.02728680504437 40.622138829200395)
BK02,2166.0,2546.0,2170.0,3014.0,2920.0,2838.5,3428.5,3608.0,3264.5,4032.5,4748.0,4567.0,0.0,3995.0,3603.5,4121.5,4453.0,4226.0,4627.0,POINT (-73.98983165443038 40.68884781602201)
BK01,9247.0,10212.5,11168.5,11593.5,13094.0,13321.0,14718.5,15273.0,14130.0,15221.0,15070.0,16794.0,17325.0,9731.0,11260.0,15467.5,15462.5,10080.5,18908.0,POINT (-73.95802234844946 40.71755737770773)
BK13,12445.0,15659.0,13359.5,12368.5,11985.0,10853.0,12903.0,12519.5,12788.5,12273.5,12277.0,11801.5,11849.0,8890.0,8443.5,9847.5,10626.5,10398.0,9699.0,POINT (-73.96276340616195 40.57732714149917)
BK17,8945.5,7898.5,8538.5,9702.0,9046.5,7248.0,11549.5,9870.5,8764.5,8245.5,8653.5,8959.5,8373.0,0.0,5778.0,6378.5,7515.5,6512.5,7303.0,POINT (-73.94908133692475 40.650831467717424)
BK14,5325.0,5852.0,5763.5,7105.5,7489.5,6735.5,6456.0,6384.5,6637.5,7599.0,7455.5,6719.0,0.0,5313.0,5028.0,6104.5,6404.5,6090.0,6096.0,POINT (-73.96573732115321 40.64062739307868)
BK06,8180.0,7625.5,7835.0,8878.5,10457.5,8808.0,10735.5,11121.5,12483.5,10648.0,11744.0,9618.5,12519.0,6153.0,8436.0,9188.0,10305.5,9072.0,10805.0,POINT (-73.99249336775775 40.68942537824676)
BK55,3783.5,4413.5,4635.0,5210.0,5596.0,4210.5,6867.5,6082.0,5794.5,6170.0,6270.5,6688.0,6138.0,4602.0,6421.0,5984.5,5155.5,6439.0,6935.0,POINT (-73.96818725047231 40.67292523719001)
BK18,3090.0,3343.0,3076.0,3038.0,2384.0,3345.5,3878.0,3628.5,3314.0,3530.0,2869.5,2962.5,0.0,2784.0,2896.0,3509.0,2313.5,1442.0,2527.0,POINT (-73.9214952312361 40.6089208214552)
BK14,9763.0,7370.0,8696.5,9749.0,8435.0,5763.5,8922.0,7771.5,8501.0,8485.0,8159.5,8448.5,11245.0,5157.0,5522.0,5999.0,5921.0,6114.5,8149.0,POINT (-73.95882184227794 40.650810536749546)
BK08,3110.5,3397.0,3375.5,3573.0,3843.0,4604.5,4745.0,4159.0,4600.5,4579.0,5044.0,5283.5,0.0,3890.0,3915.5,4359.0,4468.5,4825.5,4734.0,POINT (-73.97390965382397 40.67918699313476)
BK02,23100.5,20058.5,20283.0,17779.0,16992.5,13190.5,19709.5,19035.5,18879.0,19604.5,18752.5,17254.5,20085.0,10074.0,11363.0,13550.0,13171.0,13307.5,13091.0,POINT (-73.98588670734839 40.69087186438648)
BK01,7710.0,6492.5,7525.0,6544.5,8102.5,6467.5,8870.0,9219.5,6667.5,6725.5,7333.0,6963.0,6875.0,5224.0,5053.0,4776.5,4369.5,4414.0,7638.0,POINT (-73.94255463338305 40.703408264633794)
BK01,4689.5,2568.5,2624.5,3363.5,3452.0,2711.5,3553.5,3821.0,3689.0,4229.5,4095.0,2930.0,0.0,1939.0,2677.0,2563.0,2859.5,2715.5,2906.0,POINT (-73.9446668043415 40.71156922033028)
BK02,9821.5,8961.5,8461.5,10859.0,8602.5,11442.5,12752.5,9922.0,10386.0,9853.0,12927.5,11128.5,10863.0,3696.0,0.0,0.0,0.0,0.0,0.0,POINT (-73.98727479290567 40.69272414021878)
BK15,7748.5,9479.0,10073.0,9336.0,11022.0,8540.5,10820.0,9381.5,8834.0,8994.0,9873.5,10391.0,0.0,0.0,7020.0,8525.5,9329.5,9256.5,9955.0,POINT (-73.95959352755617 40.608201460936)
BK02,8734.0,8762.5,7993.5,9244.0,10193.5,9151.0,8670.5,8496.5,8672.5,8119.0,8610.0,8341.5,9037.0,4891.0,5502.0,6106.5,6412.5,7065.5,8521.0,POINT (-73.99336426671383 40.69453486150852)
BK02,2064.5,1361.0,3224.5,3549.0,4623.0,4348.0,5460.5,5329.0,5336.0,5201.5,5419.5,5475.0,0.0,3781.0,4053.0,4238.0,4210.0,4611.5,4331.0,POINT (-73.96931991427776 40.693114646759874)
BK02,1727.0,1923.5,1638.5,3070.5,2841.0,3495.0,4990.0,4581.5,7024.5,5993.5,5829.0,5885.5,0.0,2832.0,3646.5,5641.0,5187.0,4389.0,5912.0,POINT (-73.9939968076081 40.702746482787724)
BK16,6888.0,6484.5,6045.0,7039.0,4915.0,5958.5,7633.5,4838.0,5301.0,6355.5,5674.0,5415.5,6300.0,4426.0,4534.5,4340.5,4511.0,3668.0,4231.0,POINT (-73.91307856842978 40.669334561930114)
BK15,5793.0,6911.0,6640.0,6232.5,7001.5,6383.0,5941.5,5520.5,5842.0,5941.0,5944.5,5704.0,5588.0,3746.0,3896.5,5044.0,4972.0,5009.0,5196.0,POINT (-73.95475091689498 40.58754340485192)
BK06,578.0,817.5,479.0,584.5,757.5,858.5,796.0,725.0,814.5,771.5,886.0,935.0,0.0,888.0,982.5,996.5,970.5,1259.0,1337.0,POINT (-74.01511472616954 40.67546559688342)
BK02,2858.0,3384.0,3387.5,3658.0,4235.5,3098.5,4855.5,5551.5,4872.0,6880.5,7539.5,8085.5,0.0,2731.0,4774.5,10246.0,7464.5,9108.5,11465.0,POINT (-73.98960330219742 40.70286152715002)
MN01,16615.0,12407.0,10993.0,10663.0,11747.5,11003.5,10039.5,10075.5,12404.5,12559.5,13623.5,12672.5,13071.0,2525.0,5314.5,7461.5,8062.5,8693.0,8743.0,POINT (-74.01155687409947 40.70463665187375)
MN01,23610.0,17505.5,19644.0,20969.0,19790.5,21810.5,24409.5,26515.5,26272.0,22494.0,29076.5,28271.0,23843.0,3638.0,10269.5,13745.5,17217.0,17815.5,19487.0,POINT (-74.01286204592034 40.70634164448271)
MN07,12278.5,14684.5,11517.5,16889.5,15272.0,16269.0,18301.0,15232.5,20441.0,16660.5,15149.5,14722.0,13467.0,4529.0,11110.0,14021.0,10922.5,9690.5,10179.0,POINT (-73.98219706247882 40.7718134030119)
MN01,19281.5,16123.0,19002.0,22577.5,25655.5,18140.0,21517.5,20395.0,19785.0,20537.0,20551.5,21848.0,12607.0,3233.0,7962.5,12115.5,10298.0,9861.0,13574.0,POINT (-74.01009312926121 40.715904559004244)
MN07,7034.0,7419.5,7585.5,8775.0,8619.0,8652.0,10358.0,9146.5,13599.0,10149.5,8035.0,8605.0,0.0,4432.0,6568.0,7606.0,8353.5,8500.0,9594.0,POINT (-73.97713579908014 40.77968082763136)
MN03,7292.5,5745.5,6266.0,5952.0,5531.5,7861.5,9243.0,8950.5,8803.0,9877.5,8384.0,9272.5,9747.0,2649.0,6746.5,7756.0,8028.5,8202.0,8990.0,POINT (-73.98936305063111 40.718989359353586)
MN02,20901.0,24342.0,26657.0,23362.0,28298.0,22318.5,27187.5,24646.0,26370.5,26074.0,30220.5,22480.5,13432.0,10375.0,14064.5,17133.5,22117.5,14996.5,16354.0,POINT (-73.99265748471083 40.73559926423828)
MN05,28459.5,25932.0,34385.5,30491.5,30285.5,29326.0,32455.0,30642.0,31375.0,40873.5,33643.0,37757.0,31094.0,9204.0,14474.0,24827.0,25289.5,23941.5,18223.0,POINT (-73.97665547944715 40.75169473512389)
MN02,9045.0,10026.5,8964.5,8884.0,8876.0,8259.5,9707.5,7808.0,8084.5,9549.0,8409.0,9214.5,0.0,4612.0,6433.5,7817.0,21084.0,6873.5,5105.0,POINT (-73.99441204702927 40.731436017707075)
MN05,35871.0,43105.5,28695.5,25732.0,30612.0,30852.0,35381.5,36142.0,36251.0,41248.0,44137.5,45509.0,0.0,4698.0,18938.0,37317.5,29908.0,37142.0,39051.0,POINT (-73.98861503057542 40.7588482835213)
MN05,36211.0,44652.0,38431.5,38282.5,40334.0,35977.0,39123.5,40182.5,39658.5,39193.5,37582.5,41753.0,31092.0,6969.0,16020.5,19204.0,28827.5,24518.5,28788.0,POINT (-73.97514418621735 40.761353610911776)
MN03,10968.0,11640.5,12209.5,11427.5,9767.5,10456.0,10366.5,10246.5,9969.5,8803.5,9988.5,11636.0,0.0,4058.0,5396.5,5922.0,5946.5,6261.5,6144.0,POINT (-73.99451531515767 40.71493552371378)
MN01,13483.0,16994.0,14501.5,15721.0,16965.0,15298.5,16041.5,13190.0,13863.0,14832.5,16197.5,14907.5,14913.0,6385.0,9285.5,11816.5,16370.0,11532.0,13990.0,POINT (-74.0084036486757 40.71055376746076)
MN01,11083.5,14065.5,12061.0,11575.5,13646.0,12425.0,13369.5,11678.5,11738.5,15143.0,12377.0,12834.5,0.0,2364.0,7086.0,9436.5,8570.0,10286.0,12328.0,POINT (-74.00451806937401 40.70806272095774)
MN05,26336.0,26374.0,18612.5,20805.0,20574.5,19627.0,22305.0,22763.5,22344.5,21669.5,20173.5,18119.0,19159.0,6614.0,11026.0,14000.0,13885.0,13579.0,13566.0,POINT (-73.96888735867235 40.761264607952285)
MN08,6948.0,7849.0,5096.5,6370.0,6488.5,6857.5,6680.5,6309.5,8456.0,8699.5,5241.0,5975.0,0.0,3307.0,2157.5,5705.0,5718.0,5289.5,6166.0,POINT (-73.96568512678532 40.77144062263456)
MN05,43802.5,43331.0,51068.0,43565.5,45059.0,46885.0,50892.0,50895.5,74373.5,61798.5,44126.5,54439.5,47350.0,7842.0,19636.5,25618.0,14202.0,29121.5,25934.0,POINT (-73.99134284997088 40.749996387066574)
MN01,21550.0,12914.5,11304.5,9011.0,10240.5,9685.0,9727.5,10047.0,10969.0,9348.5,9030.0,8592.0,0.0,1499.0,3370.0,4680.5,14978.5,5951.5,5913.0,POINT (-74.01257537541983 40.708351612740366)
MN01,21453.0,24799.0,20997.5,24006.0,26126.0,21527.5,21601.5,23445.0,21885.5,25715.5,22400.5,19843.5,20417.0,0.0,9754.0,14505.0,7628.5,17272.0,18784.0,POINT (-74.01098647762808 40.70733537559069)
MN10,13721.0,14644.0,14807.5,17290.0,17557.0,14637.5,17179.5,15588.5,16066.0,15844.5,15796.5,15381.0,15625.0,10617.0,12458.5,10630.0,12523.0,16030.5,15931.0,POINT (-73.94703781905247 40.80842973710492)
MN02,9651.0,10331.5,11239.0,11962.0,16151.5,14102.5,16437.5,19229.0,15228.5,15955.0,15610.0,15943.5,15960.0,4587.0,11144.0,9729.0,13719.5,14362.0,14244.0,POINT (-74.00384095197924 40.740305392828965)
MN12,11537.0,12864.5,13239.0,14349.5,14179.0,13877.5,14668.0,13985.0,14139.0,14399.5,12727.0,14464.5,11567.0,6485.0,9910.5,9251.5,8444.0,9700.5,10349.0,POINT (-73.93434784508338 40.84958094443508)
MN05,54925.5,58055.5,50176.5,52016.5,52758.5,49826.5,55848.0,53363.5,49500.0,54418.0,52607.0,58016.0,52752.0,16954.0,28947.0,38486.5,33052.5,41323.5,37524.0,POINT (-73.98934552114228 40.75045405486473)
MN05,19381.0,18137.0,19831.5,21456.0,20250.5,22145.5,21142.0,22710.0,22302.5,26759.0,24860.5,26596.0,22465.0,4515.0,9855.0,16376.5,19395.0,18837.0,18395.0,POINT (-73.98335689692979 40.752843606340384)
MN05,20021.0,17721.5,16231.5,16537.5,16924.5,14790.0,18351.5,20264.0,18379.0,21212.5,17499.5,15238.5,0.0,1169.0,2496.0,10554.0,14234.5,13139.5,14724.0,POINT (-73.98017962622333 40.757338486389926)
MN06,9754.5,8294.0,7784.5,8792.0,8772.5,9461.5,10921.0,9704.5,10217.5,10281.0,9643.5,11953.5,11003.0,5745.0,8434.5,9492.0,8972.5,9238.5,10271.0,POINT (-73.96829307507049 40.755190220332366)
MN06,18292.5,20293.0,17589.5,14783.0,19809.5,17385.0,21236.5,14885.0,20413.5,17429.0,20242.0,19889.5,0.0,5700.0,10027.5,12723.5,12484.5,15303.5,14600.0,POINT (-73.97053303866996 40.75613758564416)
MN06,19413.0,25481.5,15135.5,17209.0,19317.5,18738.0,19390.0,24068.5,22315.0,17961.5,20353.0,20388.5,0.0,2908.0,8039.0,13444.5,14638.5,18018.5,16194.0,POINT (-73.97213382742112 40.756810835163854)
MN05,20521.0,21803.0,15754.0,16632.5,17607.5,18093.5,19169.0,17171.0,19330.5,17035.0,19921.0,16297.5,17924.0,2702.0,6781.0,12807.0,13060.0,16614.5,16415.0,POINT (-73.97385284104773 40.75753624831215)
MN05,16116.0,11854.5,15463.5,12921.0,15893.5,14472.5,16779.5,15506.0,16534.5,15542.0,15452.5,16305.0,0.0,3101.0,6421.5,11070.5,14021.5,14422.5,16061.0,POINT (-73.97536263666144 40.75817343083521)
MN05,34358.5,45560.5,38779.5,38345.5,38849.0,39740.5,37989.5,37256.5,36128.0,42446.0,39301.0,36956.5,0.0,7518.0,17731.0,29527.0,33290.0,33643.0,29423.0,POINT (-73.97697246269053 40.75885135958746)
MN05,38512.0,39142.0,33354.5,37343.0,30543.5,26758.0,38672.0,33757.0,36574.0,36921.5,35681.5,38652.5,0.0,5362.0,14284.0,26238.0,26007.0,28711.5,29866.0,POINT (-73.98019868261785 40.76021178450935)
MN05,23899.5,33923.0,28137.5,27926.5,22096.5,23260.5,24878.5,24879.5,26970.5,26904.0,24536.5,27677.5,0.0,2354.0,9736.0,19603.0,20082.5,21974.5,19319.0,POINT (-73.98303507483828 40.76140611887666)
MN05,24955.0,24246.0,21098.5,23367.0,22018.5,23675.0,25911.5,23824.5,26456.5,29166.5,30029.0,23595.5,26665.0,3886.0,10571.0,21037.0,18631.5,21644.0,19148.0,POINT (-73.98383919698608 40.76174395517826)
MN04,16610.0,22520.0,19425.5,18482.0,18796.5,17637.5,22854.0,24639.0,23555.5,27789.0,25746.5,24543.5,0.0,7023.0,13453.5,20562.5,18399.0,20899.5,21158.0,POINT (-73.98589867014988 40.76257065006476)
MN04,858.0,511.5,589.0,994.5,1623.0,2005.0,2807.0,1937.5,1600.0,1431.5,1621.5,1572.5,0.0,1034.0,1603.0,1825.0,1867.5,2219.0,2487.0,POINT (-73.99694382805035 40.7673124325193)
QN12,8265.5,7269.0,9101.0,9942.5,11001.5,9015.5,9283.5,8002.5,8067.0,8516.5,9916.5,6262.0,0.0,4355.0,5376.5,3536.0,3407.5,4357.0,3355.0,POINT (-73.79555468117455 40.70653426935826)
QN03,8653.5,9678.0,7853.0,8495.5,10494.0,8696.5,9364.0,9443.0,9088.0,8550.0,8454.5,8855.0,7891.0,6867.0,8633.5,8149.5,8876.0,7940.0,7461.0,POINT (-73.89225364571111 40.74891155301485)
QN03,13497.0,11334.5,17542.0,23357.0,17746.0,14230.0,18521.5,16021.5,17176.0,17722.5,17491.5,16208.0,16148.0,10383.0,14316.5,13762.0,14588.0,9881.5,11917.0,POINT (-73.88412639509386 40.74873155074409)
QN06,6868.5,7881.5,7763.0,7873.0,8678.5,8809.5,11131.5,8649.5,9351.0,8867.5,9631.5,9035.5,9464.0,5882.0,7473.5,7885.0,7983.0,8424.5,7640.0,POINT (-73.84534157919526 40.720365744814835)
QN11,3351.5,2966.5,2854.5,3397.5,3822.0,3054.0,3536.5,4204.5,4247.0,4619.0,3741.5,4203.0,0.0,2217.0,2494.0,3043.5,3584.0,3883.5,3424.0,POINT (-73.77114917957029 40.76393342115404)
QN05,2070.5,1914.0,1829.0,1997.0,1941.5,1888.5,1978.0,1693.5,2012.0,1553.0,1343.5,639.0,0.0,1626.0,1550.5,1709.0,1651.5,1869.5,1623.0,POINT (-73.89530306861195 40.70287665998952)
QN08,6780.5,6115.5,6519.0,6737.0,6684.5,5649.5,5979.0,6809.0,6682.5,6311.5,5408.5,6150.5,4993.0,4026.0,4289.0,4680.0,5716.5,4459.5,5045.0,POINT (-73.79247827489311 40.71091966309366)
QN02,884.0,900.0,922.0,898.0,1032.5,1359.0,1764.5,1619.0,1525.5,2292.0,2381.5,3682.5,0.0,2509.0,3783.0,4493.0,5239.0,5266.5,5488.0,POINT (-73.93947115150922 40.74817129070961)
QN12,6275.5,5759.5,6335.5,5332.5,6143.0,5472.5,5997.0,5464.5,5856.5,6104.5,6518.0,6340.0,0.0,4561.0,4355.0,4018.5,5485.5,6292.5,5171.0,POINT (-73.80593752065842 40.70182238071845)
QN12,19209.0,15876.5,16341.5,16030.5,23020.0,17631.0,16384.5,18969.0,14056.5,12491.0,17096.0,16479.5,16383.0,8819.0,10338.0,9777.0,12136.0,11374.5,10665.0,POINT (-73.79726496612192 40.704505550443635)
QN09,4823.0,4431.0,4251.5,4755.0,4797.5,3656.5,4501.0,4352.5,4890.0,4307.0,4044.5,5203.0,0.0,3219.0,3223.5,3530.5,4455.5,4251.5,3276.0,POINT (-73.85779008961042 40.6925963247586)
QN07,15874.5,15483.5,14549.0,15845.0,16065.0,16040.5,18417.5,15986.5,16057.0,16975.5,21664.5,18432.0,17028.0,10444.0,12551.0,12938.5,13770.5,15938.5,12061.0,POINT (-73.8309343552709 40.76118578331917)
QN12,263.5,308.0,216.5,424.5,774.5,345.0,612.5,524.0,353.0,384.5,348.0,304.5,0.0,168.0,315.0,262.0,335.5,390.0,318.0,POINT (-73.78539020907581 40.69769336243358)
QN14,5479.0,4907.5,4804.5,4363.0,5498.5,4718.0,4321.5,6396.5,4113.5,4088.5,4457.5,2894.0,0.0,3629.0,3909.0,3614.5,3603.5,3340.5,3890.0,POINT (-73.75250126721374 40.604023385262565)
QN05,12314.0,10408.0,9676.0,9624.5,10185.0,8873.5,9853.5,9325.5,6886.5,7975.5,7903.5,6878.5,7477.0,5981.0,6302.5,7039.0,7612.5,6416.0,6831.0,POINT (-73.91018834116497 40.69967093544051)
QN05,8024.0,5624.0,5623.0,7149.0,5885.0,5759.0,6430.0,6318.5,5843.0,4999.0,5367.5,4350.0,0.0,3749.0,4148.5,4266.0,4284.5,4275.5,3420.0,POINT (-73.90192709081789 40.70048761323586)
QN07,1683.5,1210.0,1063.0,1538.0,2045.5,985.5,1838.5,1719.5,1972.5,1972.5,2263.0,1977.0,0.0,1193.0,1143.0,1196.5,1566.5,1612.5,1213.0,POINT (-73.80439743099372 40.76247070217481)
QN07,2459.5,2356.5,2330.0,2312.5,2605.0,2605.0,2966.0,3209.5,3937.0,4084.5,4200.5,4267.0,0.0,2155.0,3325.0,4298.5,5128.5,8686.0,8849.0,POINT (-73.83274555228842 40.76053254069111)
QN09,18178.5,9873.0,7072.5,9238.0,8665.5,5050.0,6417.0,4804.5,5195.5,4544.5,4434.5,4792.0,0.0,1999.0,2620.0,2863.0,3304.5,4439.0,2895.0,POINT (-73.82971390855914 40.713719487169804)
QN04,5119.5,5668.0,6081.5,5282.0,5343.5,5408.0,4910.0,4505.0,4163.0,4064.0,4512.0,4128.5,0.0,3551.0,3756.0,3733.0,3568.0,8984.0,5499.0,POINT (-73.8713031803217 40.73382228902959)
QN02,13382.0,13410.0,7878.5,11742.0,13053.0,8803.0,15594.0,14240.5,14595.0,18074.0,19047.0,22832.5,0.0,3486.0,4636.5,5078.5,3769.5,2472.0,5168.0,POINT (-73.9399858877832 40.75066362916971)
QN07,25234.0,26719.0,32498.5,31928.0,32573.5,23607.5,21963.0,24308.0,25848.5,23710.5,23397.5,23228.0,0.0,13098.0,19804.0,21255.0,26680.5,27452.0,20472.0,POINT (-73.82818894237838 40.76005352048369)
QN01,11320.0,11148.0,11230.5,10965.5,11302.5,10487.5,11099.5,10869.0,10200.5,9363.0,9188.5,9943.5,0.0,6581.0,7200.5,7527.0,7440.5,7329.0,6297.0,POINT (-73.91804029865675 40.76015497952589)
QN12,3678.0,4038.5,4482.0,5420.5,4637.5,3937.5,4869.5,4907.0,4660.5,4524.0,5174.0,5319.5,0.0,4700.0,3559.0,4015.5,4514.0,4884.0,4629.0,POINT (-73.8086047835953 40.70340462655154)
QN06,2361.5,1588.5,1106.0,1334.0,1752.0,2069.0,1528.0,1409.0,1700.0,1518.0,1561.5,1188.5,0.0,703.0,1098.0,985.0,1926.0,2893.5,1722.0,POINT (-73.84840699076847 40.72272482164015)
SI01,485.5,487.0,590.5,598.0,525.5,699.0,873.5,764.5,713.0,730.5,817.5,764.0,0.0,613.0,539.5,544.5,612.0,602.0,640.0,POINT (-74.10857607699721 40.63017169829432)
SI02,1005.5,1457.5,2085.0,2014.0,1615.5,1676.5,1712.0,1265.0,1612.0,1501.5,1534.0,1500.5,0.0,557.0,1053.0,1503.0,1725.0,1706.5,1778.0,POINT (-74.1108725293572 40.57107102644238)
SI01,3010.5,4017.5,3602.5,3472.5,3170.5,3555.5,3670.5,3471.5,3747.0,3854.0,3777.0,4742.5,4648.0,1351.0,1537.0,2137.0,2127.5,2220.0,1962.0,POINT (-74.0752448014028 40.64298352630176)
SI02,395.0,474.0,525.5,556.0,400.5,309.0,468.5,530.0,552.5,542.5,589.5,679.0,0.0,273.0,212.0,256.5,464.0,312.0,255.0,POINT (-74.16614928494091 40.58813530683326)
SI01,2321.0,2941.0,2339.0,2686.5,1998.5,2208.5,2644.5,2667.5,2622.5,1728.5,1828.0,1552.0,2044.0,0.0,1168.0,1353.0,1197.5,1318.5,1359.0,POINT (-74.07740338696911 40.63793280712071)
,3743.0,4331.5,6537.0,6352.5,6162.0,4309.0,7102.0,10323.5,8000.5,8046.5,10530.0,10333.0,0.0,0.0,4927.0,9642.0,10050.0,10788.5,14190.0,POINT (-73.99669788343083 40.70597016498046)
,0.0,0.0,27.0,42.0,243.0,98.0,52.0,27.0,15.0,24.5,12.5,3.5,0.0,0.0,475.0,213.5,274.0,181.0,187.0,POINT (-73.99094199014799 40.70806538980731)
,332.0,359.0,487.0,443.0,428.5,576.0,706.0,809.5,747.0,742.0,1053.0,1293.0,0.0,0.0,677.0,1095.5,939.0,1443.0,1323.0,POINT (-73.99114419929703 40.70794847867023)
,803.5,1042.0,1115.0,1093.0,1228.0,1410.5,2185.0,1875.5,2190.0,2139.5,2075.0,2306.0,0.0,0.0,1773.0,1867.0,1005.5,2405.0,2322.0,POINT (-73.97202493782653 40.71353372301599)
MN08,227.5,318.0,617.5,456.5,404.0,459.0,744.0,923.0,686.0,777.5,845.0,820.5,0.0,0.0,1806.5,677.5,906.0,1275.5,351.0,POINT (-73.95460085520162 40.7568698600874)
,1481.0,1847.0,1767.5,1912.5,2405.5,2259.5,2195.0,2066.0,2084.0,2058.5,1935.0,2486.5,0.0,0.0,1815.5,1892.0,1901.5,1506.5,1987.0,POINT (-73.91119970135458 40.873547359000106)
,816.0,956.5,972.0,1098.0,1124.0,1034.0,1178.5,1091.5,1314.0,1391.5,1216.5,1604.0,0.0,0.0,779.5,806.5,775.0,666.5,960.0,POINT (-73.91488962537817 40.86276958338556)
,660.0,660.0,883.0,950.5,1025.5,1033.5,1178.5,1389.0,1435.5,1488.5,1481.5,1025.5,0.0,0.0,731.5,743.0,662.5,726.5,549.0,POINT (-73.93380588837293 40.82809995999489)
,542.5,180.5,447.0,495.5,608.0,1187.0,1700.0,1009.0,1045.0,1010.5,1054.0,986.5,0.0,0.0,1059.5,818.5,744.0,725.5,801.0,POINT (-73.93330492386069 40.819494945411535)
,788.0,618.0,736.0,822.5,990.5,1064.0,898.5,1013.5,1097.5,1018.0,1128.5,1134.0,0.0,0.0,852.5,964.5,765.0,904.5,981.0,POINT (-73.9331330278822 40.814131067977755)
,459.0,261.0,370.0,419.0,534.0,639.0,678.5,744.5,767.5,743.5,778.0,602.5,0.0,0.0,265.0,311.5,287.5,347.0,450.0,POINT (-73.93252967704326 40.807554810103504)
,363.0,458.5,263.0,242.5,205.0,370.0,630.0,605.5,621.0,622.0,701.0,527.0,0.0,0.0,351.5,438.0,328.0,331.5,412.0,POINT (-73.92896107917844 40.803769279822106)
,82.5,171.5,182.0,205.5,115.5,75.0,77.0,69.5,77.0,60.5,54.5,28.5,0.0,0.0,56.0,0.0,0.0,0.0,0.0,POINT (-73.92785197149036 40.80034506063934)
,366.5,375.5,468.5,1037.5,677.5,948.5,1140.5,1074.0,1081.0,1090.0,1139.5,1023.5,0.0,0.0,1541.5,1001.5,1857.5,2378.5,859.0,POINT (-73.93686603590555 40.78611224350854)
